{
    "plddt": 59.0,
    "gpde": 2.540968418121338,
    "ptm": 0.22800350189208984,
    "iptm": 0.17844153940677643,
    "chain_ptm": [
        0.26750802993774414,
        0.15728992223739624
    ],
    "chain_iptm": [
        0.17844153940677643,
        0.17844153940677643
    ],
    "chain_pair_iptm": [
        [
            0.0,
            0.17844153940677643
        ],
        [
            0.17844153940677643,
            0.0
        ]
    ],
    "chain_pair_iptm_global": [
        [
            0.0,
            0.17844153940677643
        ],
        [
            0.17844153940677643,
            0.0
        ]
    ],
    "chain_plddt": [
        0.482421875,
        0.62109375
    ],
    "chain_pair_plddt": [
        [
            0.0,
            0.58984375
        ],
        [
            0.58984375,
            0.0
        ]
    ],
    "has_clash": false,
    "disorder": 0.0,
    "ranking_score": 0.18835392594337463,
    "num_recycles": 8
}