{
    "plddt": 58.5,
    "gpde": 2.5921809673309326,
    "ptm": 0.211849644780159,
    "iptm": 0.14492009580135345,
    "chain_ptm": [
        0.24300557374954224,
        0.17534032464027405
    ],
    "chain_iptm": [
        0.14492009580135345,
        0.14492009580135345
    ],
    "chain_pair_iptm": [
        [
            0.0,
            0.14492009580135345
        ],
        [
            0.14492009580135345,
            0.0
        ]
    ],
    "chain_pair_iptm_global": [
        [
            0.0,
            0.14492009580135345
        ],
        [
            0.14492009580135345,
            0.0
        ]
    ],
    "chain_plddt": [
        0.48046875,
        0.62109375
    ],
    "chain_pair_plddt": [
        [
            0.0,
            0.5859375
        ],
        [
            0.5859375,
            0.0
        ]
    ],
    "has_clash": false,
    "disorder": 0.0,
    "ranking_score": 0.15830600261688232,
    "num_recycles": 8
}