{
    "plddt": 59.0,
    "gpde": 2.646389961242676,
    "ptm": 0.2193281501531601,
    "iptm": 0.16990794241428375,
    "chain_ptm": [
        0.2451169490814209,
        0.16543368995189667
    ],
    "chain_iptm": [
        0.16990794241428375,
        0.16990794241428375
    ],
    "chain_pair_iptm": [
        [
            0.0,
            0.16990794241428375
        ],
        [
            0.16990794241428375,
            0.0
        ]
    ],
    "chain_pair_iptm_global": [
        [
            0.0,
            0.16990794241428375
        ],
        [
            0.16990794241428375,
            0.0
        ]
    ],
    "chain_plddt": [
        0.4765625,
        0.625
    ],
    "chain_pair_plddt": [
        [
            0.0,
            0.58984375
        ],
        [
            0.58984375,
            0.0
        ]
    ],
    "has_clash": false,
    "disorder": 0.0,
    "ranking_score": 0.17979198694229126,
    "num_recycles": 8
}