{
    "plddt": 59.0,
    "gpde": 2.6304574012756348,
    "ptm": 0.21936969459056854,
    "iptm": 0.1791345477104187,
    "chain_ptm": [
        0.2556551992893219,
        0.1929755061864853
    ],
    "chain_iptm": [
        0.1791345477104187,
        0.1791345477104187
    ],
    "chain_pair_iptm": [
        [
            0.0,
            0.1791345477104187
        ],
        [
            0.1791345477104187,
            0.0
        ]
    ],
    "chain_pair_iptm_global": [
        [
            0.0,
            0.1791345477104187
        ],
        [
            0.1791345477104187,
            0.0
        ]
    ],
    "chain_plddt": [
        0.482421875,
        0.625
    ],
    "chain_pair_plddt": [
        [
            0.0,
            0.58984375
        ],
        [
            0.58984375,
            0.0
        ]
    ],
    "has_clash": false,
    "disorder": 0.0,
    "ranking_score": 0.18718157708644867,
    "num_recycles": 8
}