{
    "plddt": 59.0,
    "gpde": 2.5899758338928223,
    "ptm": 0.2162732481956482,
    "iptm": 0.15337979793548584,
    "chain_ptm": [
        0.2586553394794464,
        0.1656286120414734
    ],
    "chain_iptm": [
        0.15337979793548584,
        0.15337979793548584
    ],
    "chain_pair_iptm": [
        [
            0.0,
            0.15337979793548584
        ],
        [
            0.15337979793548584,
            0.0
        ]
    ],
    "chain_pair_iptm_global": [
        [
            0.0,
            0.15337979793548584
        ],
        [
            0.15337979793548584,
            0.0
        ]
    ],
    "chain_plddt": [
        0.484375,
        0.625
    ],
    "chain_pair_plddt": [
        [
            0.0,
            0.58984375
        ],
        [
            0.58984375,
            0.0
        ]
    ],
    "has_clash": false,
    "disorder": 0.0,
    "ranking_score": 0.1659584939479828,
    "num_recycles": 8
}