{
    "plddt": 70.5,
    "gpde": 2.1619882583618164,
    "ptm": 0.47587108612060547,
    "iptm": 0.41952958703041077,
    "chain_ptm": [
        0.5484448075294495,
        0.24478691816329956
    ],
    "chain_iptm": [
        0.41952958703041077,
        0.41952958703041077
    ],
    "chain_pair_iptm": [
        [
            0.0,
            0.41952958703041077
        ],
        [
            0.41952958703041077,
            0.0
        ]
    ],
    "chain_pair_iptm_global": [
        [
            0.0,
            0.41952958703041077
        ],
        [
            0.41952958703041077,
            0.0
        ]
    ],
    "chain_plddt": [
        0.6171875,
        0.76953125
    ],
    "chain_pair_plddt": [
        [
            0.0,
            0.70703125
        ],
        [
            0.70703125,
            0.0
        ]
    ],
    "has_clash": false,
    "disorder": 0.0,
    "ranking_score": 0.43079790472984314,
    "num_recycles": 12
}