{
    "plddt": 72.5,
    "gpde": 2.1225264072418213,
    "ptm": 0.48473313450813293,
    "iptm": 0.4549456238746643,
    "chain_ptm": [
        0.5453177690505981,
        0.2782827615737915
    ],
    "chain_iptm": [
        0.4549456238746643,
        0.4549456238746643
    ],
    "chain_pair_iptm": [
        [
            0.0,
            0.4549456238746643
        ],
        [
            0.4549456238746643,
            0.0
        ]
    ],
    "chain_pair_iptm_global": [
        [
            0.0,
            0.4549456238746643
        ],
        [
            0.4549456238746643,
            0.0
        ]
    ],
    "chain_plddt": [
        0.62890625,
        0.78515625
    ],
    "chain_pair_plddt": [
        [
            0.0,
            0.72265625
        ],
        [
            0.72265625,
            0.0
        ]
    ],
    "has_clash": false,
    "disorder": 0.0,
    "ranking_score": 0.460903137922287,
    "num_recycles": 12
}