{
    "plddt": 70.5,
    "gpde": 2.086313247680664,
    "ptm": 0.46389561891555786,
    "iptm": 0.4080732464790344,
    "chain_ptm": [
        0.5296770930290222,
        0.24524715542793274
    ],
    "chain_iptm": [
        0.4080732464790344,
        0.4080732464790344
    ],
    "chain_pair_iptm": [
        [
            0.0,
            0.4080732464790344
        ],
        [
            0.4080732464790344,
            0.0
        ]
    ],
    "chain_pair_iptm_global": [
        [
            0.0,
            0.4080732464790344
        ],
        [
            0.4080732464790344,
            0.0
        ]
    ],
    "chain_plddt": [
        0.6171875,
        0.765625
    ],
    "chain_pair_plddt": [
        [
            0.0,
            0.70703125
        ],
        [
            0.70703125,
            0.0
        ]
    ],
    "has_clash": false,
    "disorder": 0.0,
    "ranking_score": 0.41923773288726807,
    "num_recycles": 12
}