{
    "plddt": 70.5,
    "gpde": 2.1410746574401855,
    "ptm": 0.47148340940475464,
    "iptm": 0.4526727497577667,
    "chain_ptm": [
        0.5367997884750366,
        0.24665875732898712
    ],
    "chain_iptm": [
        0.4526727497577667,
        0.4526727497577667
    ],
    "chain_pair_iptm": [
        [
            0.0,
            0.4526727497577667
        ],
        [
            0.4526727497577667,
            0.0
        ]
    ],
    "chain_pair_iptm_global": [
        [
            0.0,
            0.4526727497577667
        ],
        [
            0.4526727497577667,
            0.0
        ]
    ],
    "chain_plddt": [
        0.62109375,
        0.7578125
    ],
    "chain_pair_plddt": [
        [
            0.0,
            0.703125
        ],
        [
            0.703125,
            0.0
        ]
    ],
    "has_clash": false,
    "disorder": 0.0,
    "ranking_score": 0.4564349055290222,
    "num_recycles": 12
}