{
    "plddt": 67.0,
    "gpde": 3.12260365486145,
    "ptm": 0.3180818557739258,
    "iptm": 0.26683929562568665,
    "chain_ptm": [
        0.4034982919692993,
        0.3173060715198517
    ],
    "chain_iptm": [
        0.26683929562568665,
        0.26683929562568665
    ],
    "chain_pair_iptm": [
        [
            0.0,
            0.26683929562568665
        ],
        [
            0.26683929562568665,
            0.0
        ]
    ],
    "chain_pair_iptm_global": [
        [
            0.0,
            0.26683929562568665
        ],
        [
            0.26683929562568665,
            0.0
        ]
    ],
    "chain_plddt": [
        0.54296875,
        0.734375
    ],
    "chain_pair_plddt": [
        [
            0.0,
            0.671875
        ],
        [
            0.671875,
            0.0
        ]
    ],
    "has_clash": false,
    "disorder": 0.0,
    "ranking_score": 0.2770878076553345,
    "num_recycles": 12
}