{
    "plddt": 66.0,
    "gpde": 3.15343976020813,
    "ptm": 0.3356177508831024,
    "iptm": 0.27950698137283325,
    "chain_ptm": [
        0.4105933904647827,
        0.21035529673099518
    ],
    "chain_iptm": [
        0.27950698137283325,
        0.27950698137283325
    ],
    "chain_pair_iptm": [
        [
            0.0,
            0.27950698137283325
        ],
        [
            0.27950698137283325,
            0.0
        ]
    ],
    "chain_pair_iptm_global": [
        [
            0.0,
            0.27950698137283325
        ],
        [
            0.27950698137283325,
            0.0
        ]
    ],
    "chain_plddt": [
        0.53125,
        0.72265625
    ],
    "chain_pair_plddt": [
        [
            0.0,
            0.66015625
        ],
        [
            0.66015625,
            0.0
        ]
    ],
    "has_clash": false,
    "disorder": 0.0,
    "ranking_score": 0.2907291352748871,
    "num_recycles": 12
}