{
    "plddt": 67.5,
    "gpde": 3.1856086254119873,
    "ptm": 0.3142879903316498,
    "iptm": 0.2481553703546524,
    "chain_ptm": [
        0.40157294273376465,
        0.26010534167289734
    ],
    "chain_iptm": [
        0.2481553703546524,
        0.2481553703546524
    ],
    "chain_pair_iptm": [
        [
            0.0,
            0.2481553703546524
        ],
        [
            0.2481553703546524,
            0.0
        ]
    ],
    "chain_pair_iptm_global": [
        [
            0.0,
            0.2481553703546524
        ],
        [
            0.2481553703546524,
            0.0
        ]
    ],
    "chain_plddt": [
        0.5390625,
        0.73828125
    ],
    "chain_pair_plddt": [
        [
            0.0,
            0.67578125
        ],
        [
            0.67578125,
            0.0
        ]
    ],
    "has_clash": false,
    "disorder": 0.0,
    "ranking_score": 0.2613818943500519,
    "num_recycles": 12
}