{
    "plddt": 58.5,
    "gpde": 2.7977023124694824,
    "ptm": 0.23147687315940857,
    "iptm": 0.17436006665229797,
    "chain_ptm": [
        0.2615622282028198,
        0.16441312432289124
    ],
    "chain_iptm": [
        0.17436006665229797,
        0.17436006665229797
    ],
    "chain_pair_iptm": [
        [
            0.0,
            0.17436006665229797
        ],
        [
            0.17436006665229797,
            0.0
        ]
    ],
    "chain_pair_iptm_global": [
        [
            0.0,
            0.17436006665229797
        ],
        [
            0.17436006665229797,
            0.0
        ]
    ],
    "chain_plddt": [
        0.474609375,
        0.63671875
    ],
    "chain_pair_plddt": [
        [
            0.0,
            0.5859375
        ],
        [
            0.5859375,
            0.0
        ]
    ],
    "has_clash": false,
    "disorder": 0.0,
    "ranking_score": 0.18578343093395233,
    "num_recycles": 8
}