{
    "plddt": 58.5,
    "gpde": 2.7655251026153564,
    "ptm": 0.22338755428791046,
    "iptm": 0.17381471395492554,
    "chain_ptm": [
        0.2526076138019562,
        0.1693335920572281
    ],
    "chain_iptm": [
        0.17381471395492554,
        0.17381471395492554
    ],
    "chain_pair_iptm": [
        [
            0.0,
            0.17381471395492554
        ],
        [
            0.17381471395492554,
            0.0
        ]
    ],
    "chain_pair_iptm_global": [
        [
            0.0,
            0.17381471395492554
        ],
        [
            0.17381471395492554,
            0.0
        ]
    ],
    "chain_plddt": [
        0.482421875,
        0.62890625
    ],
    "chain_pair_plddt": [
        [
            0.0,
            0.5859375
        ],
        [
            0.5859375,
            0.0
        ]
    ],
    "has_clash": false,
    "disorder": 0.0,
    "ranking_score": 0.18372929096221924,
    "num_recycles": 8
}