{
    "plddt": 57.5,
    "gpde": 2.68686580657959,
    "ptm": 0.2224676012992859,
    "iptm": 0.14244908094406128,
    "chain_ptm": [
        0.25288110971450806,
        0.19680090248584747
    ],
    "chain_iptm": [
        0.14244908094406128,
        0.14244908094406128
    ],
    "chain_pair_iptm": [
        [
            0.0,
            0.14244908094406128
        ],
        [
            0.14244908094406128,
            0.0
        ]
    ],
    "chain_pair_iptm_global": [
        [
            0.0,
            0.14244908094406128
        ],
        [
            0.14244908094406128,
            0.0
        ]
    ],
    "chain_plddt": [
        0.462890625,
        0.62109375
    ],
    "chain_pair_plddt": [
        [
            0.0,
            0.57421875
        ],
        [
            0.57421875,
            0.0
        ]
    ],
    "has_clash": false,
    "disorder": 0.0,
    "ranking_score": 0.15845279395580292,
    "num_recycles": 8
}