{
    "plddt": 57.75,
    "gpde": 2.7221853733062744,
    "ptm": 0.26336950063705444,
    "iptm": 0.21529661118984222,
    "chain_ptm": [
        0.2675485908985138,
        0.19804450869560242
    ],
    "chain_iptm": [
        0.21529661118984222,
        0.21529661118984222
    ],
    "chain_pair_iptm": [
        [
            0.0,
            0.21529661118984222
        ],
        [
            0.21529661118984222,
            0.0
        ]
    ],
    "chain_pair_iptm_global": [
        [
            0.0,
            0.21529661118984222
        ],
        [
            0.21529661118984222,
            0.0
        ]
    ],
    "chain_plddt": [
        0.470703125,
        0.625
    ],
    "chain_pair_plddt": [
        [
            0.0,
            0.578125
        ],
        [
            0.578125,
            0.0
        ]
    ],
    "has_clash": false,
    "disorder": 0.0,
    "ranking_score": 0.22491119801998138,
    "num_recycles": 8
}