{
    "plddt": 58.5,
    "gpde": 2.796081304550171,
    "ptm": 0.2195274531841278,
    "iptm": 0.15726472437381744,
    "chain_ptm": [
        0.24688942730426788,
        0.1712927669286728
    ],
    "chain_iptm": [
        0.15726472437381744,
        0.15726472437381744
    ],
    "chain_pair_iptm": [
        [
            0.0,
            0.15726472437381744
        ],
        [
            0.15726472437381744,
            0.0
        ]
    ],
    "chain_pair_iptm_global": [
        [
            0.0,
            0.15726472437381744
        ],
        [
            0.15726472437381744,
            0.0
        ]
    ],
    "chain_plddt": [
        0.4765625,
        0.62890625
    ],
    "chain_pair_plddt": [
        [
            0.0,
            0.5859375
        ],
        [
            0.5859375,
            0.0
        ]
    ],
    "has_clash": false,
    "disorder": 0.0,
    "ranking_score": 0.16971728205680847,
    "num_recycles": 8
}