{
    "plddt": 59.5,
    "gpde": 2.6494832038879395,
    "ptm": 0.2172016054391861,
    "iptm": 0.14809086918830872,
    "chain_ptm": [
        0.24851521849632263,
        0.16394475102424622
    ],
    "chain_iptm": [
        0.14809086918830872,
        0.14809086918830872
    ],
    "chain_pair_iptm": [
        [
            0.0,
            0.14809086918830872
        ],
        [
            0.14809086918830872,
            0.0
        ]
    ],
    "chain_pair_iptm_global": [
        [
            0.0,
            0.14809086918830872
        ],
        [
            0.14809086918830872,
            0.0
        ]
    ],
    "chain_plddt": [
        0.484375,
        0.625
    ],
    "chain_pair_plddt": [
        [
            0.0,
            0.59375
        ],
        [
            0.59375,
            0.0
        ]
    ],
    "has_clash": false,
    "disorder": 0.0,
    "ranking_score": 0.16191302239894867,
    "num_recycles": 12
}