{
    "plddt": 59.0,
    "gpde": 2.628408908843994,
    "ptm": 0.2281964123249054,
    "iptm": 0.16472657024860382,
    "chain_ptm": [
        0.26967787742614746,
        0.16379427909851074
    ],
    "chain_iptm": [
        0.16472657024860382,
        0.16472657024860382
    ],
    "chain_pair_iptm": [
        [
            0.0,
            0.16472657024860382
        ],
        [
            0.16472657024860382,
            0.0
        ]
    ],
    "chain_pair_iptm_global": [
        [
            0.0,
            0.16472657024860382
        ],
        [
            0.16472657024860382,
            0.0
        ]
    ],
    "chain_plddt": [
        0.484375,
        0.625
    ],
    "chain_pair_plddt": [
        [
            0.0,
            0.58984375
        ],
        [
            0.58984375,
            0.0
        ]
    ],
    "has_clash": false,
    "disorder": 0.0,
    "ranking_score": 0.17742055654525757,
    "num_recycles": 12
}