{
    "plddt": 59.0,
    "gpde": 2.6997568607330322,
    "ptm": 0.21080359816551208,
    "iptm": 0.14595748484134674,
    "chain_ptm": [
        0.24881568551063538,
        0.1662960648536682
    ],
    "chain_iptm": [
        0.14595748484134674,
        0.14595748484134674
    ],
    "chain_pair_iptm": [
        [
            0.0,
            0.14595748484134674
        ],
        [
            0.14595748484134674,
            0.0
        ]
    ],
    "chain_pair_iptm_global": [
        [
            0.0,
            0.14595748484134674
        ],
        [
            0.14595748484134674,
            0.0
        ]
    ],
    "chain_plddt": [
        0.490234375,
        0.62109375
    ],
    "chain_pair_plddt": [
        [
            0.0,
            0.58984375
        ],
        [
            0.58984375,
            0.0
        ]
    ],
    "has_clash": false,
    "disorder": 0.0,
    "ranking_score": 0.15892671048641205,
    "num_recycles": 12
}