{
    "plddt": 62.0,
    "gpde": 2.393195390701294,
    "ptm": 0.23789416253566742,
    "iptm": 0.18511474132537842,
    "chain_ptm": [
        0.3716830313205719,
        0.16010981798171997
    ],
    "chain_iptm": [
        0.18511474132537842,
        0.18511474132537842
    ],
    "chain_pair_iptm": [
        [
            0.0,
            0.18511474132537842
        ],
        [
            0.18511474132537842,
            0.0
        ]
    ],
    "chain_pair_iptm_global": [
        [
            0.0,
            0.18511474132537842
        ],
        [
            0.18511474132537842,
            0.0
        ]
    ],
    "chain_plddt": [
        0.50390625,
        0.6484375
    ],
    "chain_pair_plddt": [
        [
            0.0,
            0.62109375
        ],
        [
            0.62109375,
            0.0
        ]
    ],
    "has_clash": false,
    "disorder": 0.0,
    "ranking_score": 0.19567063450813293,
    "num_recycles": 12
}