{
    "plddt": 62.5,
    "gpde": 2.385864496231079,
    "ptm": 0.24188795685768127,
    "iptm": 0.15062928199768066,
    "chain_ptm": [
        0.3731089234352112,
        0.15402357280254364
    ],
    "chain_iptm": [
        0.15062928199768066,
        0.15062928199768066
    ],
    "chain_pair_iptm": [
        [
            0.0,
            0.15062928199768066
        ],
        [
            0.15062928199768066,
            0.0
        ]
    ],
    "chain_pair_iptm_global": [
        [
            0.0,
            0.15062928199768066
        ],
        [
            0.15062928199768066,
            0.0
        ]
    ],
    "chain_plddt": [
        0.5,
        0.65234375
    ],
    "chain_pair_plddt": [
        [
            0.0,
            0.625
        ],
        [
            0.625,
            0.0
        ]
    ],
    "has_clash": false,
    "disorder": 0.0,
    "ranking_score": 0.16888101398944855,
    "num_recycles": 12
}