{
    "plddt": 70.0,
    "gpde": 2.2448434829711914,
    "ptm": 0.4355790913105011,
    "iptm": 0.3268609941005707,
    "chain_ptm": [
        0.49752867221832275,
        0.25448986887931824
    ],
    "chain_iptm": [
        0.3268609941005707,
        0.3268609941005707
    ],
    "chain_pair_iptm": [
        [
            0.0,
            0.3268609941005707
        ],
        [
            0.3268609941005707,
            0.0
        ]
    ],
    "chain_pair_iptm_global": [
        [
            0.0,
            0.3268609941005707
        ],
        [
            0.3268609941005707,
            0.0
        ]
    ],
    "chain_plddt": [
        0.61328125,
        0.7578125
    ],
    "chain_pair_plddt": [
        [
            0.0,
            0.69921875
        ],
        [
            0.69921875,
            0.0
        ]
    ],
    "has_clash": false,
    "disorder": 0.0,
    "ranking_score": 0.34860461950302124,
    "num_recycles": 12
}