{
    "plddt": 67.0,
    "gpde": 3.1623778343200684,
    "ptm": 0.37180596590042114,
    "iptm": 0.26559874415397644,
    "chain_ptm": [
        0.41327619552612305,
        0.2909114360809326
    ],
    "chain_iptm": [
        0.26559874415397644,
        0.26559874415397644
    ],
    "chain_pair_iptm": [
        [
            0.0,
            0.26559874415397644
        ],
        [
            0.26559874415397644,
            0.0
        ]
    ],
    "chain_pair_iptm_global": [
        [
            0.0,
            0.26559874415397644
        ],
        [
            0.26559874415397644,
            0.0
        ]
    ],
    "chain_plddt": [
        0.55078125,
        0.73046875
    ],
    "chain_pair_plddt": [
        [
            0.0,
            0.671875
        ],
        [
            0.671875,
            0.0
        ]
    ],
    "has_clash": false,
    "disorder": 0.0,
    "ranking_score": 0.28684020042419434,
    "num_recycles": 8
}