{
    "plddt": 69.0,
    "gpde": 3.380422592163086,
    "ptm": 0.3465597927570343,
    "iptm": 0.28319793939590454,
    "chain_ptm": [
        0.4074766933917999,
        0.28239768743515015
    ],
    "chain_iptm": [
        0.28319793939590454,
        0.28319793939590454
    ],
    "chain_pair_iptm": [
        [
            0.0,
            0.28319793939590454
        ],
        [
            0.28319793939590454,
            0.0
        ]
    ],
    "chain_pair_iptm_global": [
        [
            0.0,
            0.28319793939590454
        ],
        [
            0.28319793939590454,
            0.0
        ]
    ],
    "chain_plddt": [
        0.55859375,
        0.75
    ],
    "chain_pair_plddt": [
        [
            0.0,
            0.6875
        ],
        [
            0.6875,
            0.0
        ]
    ],
    "has_clash": false,
    "disorder": 0.0,
    "ranking_score": 0.295870304107666,
    "num_recycles": 8
}