{
    "plddt": 68.0,
    "gpde": 3.0838558673858643,
    "ptm": 0.40180450677871704,
    "iptm": 0.32964205741882324,
    "chain_ptm": [
        0.43881458044052124,
        0.29293471574783325
    ],
    "chain_iptm": [
        0.32964205741882324,
        0.32964205741882324
    ],
    "chain_pair_iptm": [
        [
            0.0,
            0.32964205741882324
        ],
        [
            0.32964205741882324,
            0.0
        ]
    ],
    "chain_pair_iptm_global": [
        [
            0.0,
            0.32964205741882324
        ],
        [
            0.32964205741882324,
            0.0
        ]
    ],
    "chain_plddt": [
        0.546875,
        0.7421875
    ],
    "chain_pair_plddt": [
        [
            0.0,
            0.6796875
        ],
        [
            0.6796875,
            0.0
        ]
    ],
    "has_clash": false,
    "disorder": 0.0,
    "ranking_score": 0.344074547290802,
    "num_recycles": 8
}