{
    "plddt": 69.0,
    "gpde": 3.2567100524902344,
    "ptm": 0.38909581303596497,
    "iptm": 0.33773425221443176,
    "chain_ptm": [
        0.39761582016944885,
        0.31230443716049194
    ],
    "chain_iptm": [
        0.33773425221443176,
        0.33773425221443176
    ],
    "chain_pair_iptm": [
        [
            0.0,
            0.33773425221443176
        ],
        [
            0.33773425221443176,
            0.0
        ]
    ],
    "chain_pair_iptm_global": [
        [
            0.0,
            0.33773425221443176
        ],
        [
            0.33773425221443176,
            0.0
        ]
    ],
    "chain_plddt": [
        0.55078125,
        0.75390625
    ],
    "chain_pair_plddt": [
        [
            0.0,
            0.6875
        ],
        [
            0.6875,
            0.0
        ]
    ],
    "has_clash": false,
    "disorder": 0.0,
    "ranking_score": 0.34800657629966736,
    "num_recycles": 8
}