{
    "plddt": 67.0,
    "gpde": 3.1429266929626465,
    "ptm": 0.36504971981048584,
    "iptm": 0.27932044863700867,
    "chain_ptm": [
        0.42378807067871094,
        0.31556934118270874
    ],
    "chain_iptm": [
        0.27932044863700867,
        0.27932044863700867
    ],
    "chain_pair_iptm": [
        [
            0.0,
            0.27932044863700867
        ],
        [
            0.27932044863700867,
            0.0
        ]
    ],
    "chain_pair_iptm_global": [
        [
            0.0,
            0.27932044863700867
        ],
        [
            0.27932044863700867,
            0.0
        ]
    ],
    "chain_plddt": [
        0.5390625,
        0.734375
    ],
    "chain_pair_plddt": [
        [
            0.0,
            0.66796875
        ],
        [
            0.66796875,
            0.0
        ]
    ],
    "has_clash": false,
    "disorder": 0.0,
    "ranking_score": 0.29646632075309753,
    "num_recycles": 8
}