{
    "plddt": 61.0,
    "gpde": 3.3525121212005615,
    "ptm": 0.27160146832466125,
    "iptm": 0.2559458911418915,
    "chain_ptm": [
        0.2563529312610626,
        0.24953065812587738
    ],
    "chain_iptm": [
        0.2559458911418915,
        0.2559458911418915
    ],
    "chain_pair_iptm": [
        [
            0.0,
            0.2559458911418915
        ],
        [
            0.2559458911418915,
            0.0
        ]
    ],
    "chain_pair_iptm_global": [
        [
            0.0,
            0.2559458911418915
        ],
        [
            0.2559458911418915,
            0.0
        ]
    ],
    "chain_plddt": [
        0.484375,
        0.703125
    ],
    "chain_pair_plddt": [
        [
            0.0,
            0.609375
        ],
        [
            0.609375,
            0.0
        ]
    ],
    "has_clash": false,
    "disorder": 0.0,
    "ranking_score": 0.2590770125389099,
    "num_recycles": 12
}