{
    "plddt": 59.75,
    "gpde": 3.246333122253418,
    "ptm": 0.2788950502872467,
    "iptm": 0.21191486716270447,
    "chain_ptm": [
        0.29436877369880676,
        0.2046738862991333
    ],
    "chain_iptm": [
        0.21191486716270447,
        0.21191486716270447
    ],
    "chain_pair_iptm": [
        [
            0.0,
            0.21191486716270447
        ],
        [
            0.21191486716270447,
            0.0
        ]
    ],
    "chain_pair_iptm_global": [
        [
            0.0,
            0.21191486716270447
        ],
        [
            0.21191486716270447,
            0.0
        ]
    ],
    "chain_plddt": [
        0.47265625,
        0.69140625
    ],
    "chain_pair_plddt": [
        [
            0.0,
            0.59765625
        ],
        [
            0.59765625,
            0.0
        ]
    ],
    "has_clash": false,
    "disorder": 0.0,
    "ranking_score": 0.22531090676784515,
    "num_recycles": 12
}