{
    "plddt": 60.5,
    "gpde": 3.184730291366577,
    "ptm": 0.262709379196167,
    "iptm": 0.20416325330734253,
    "chain_ptm": [
        0.26849064230918884,
        0.24196235835552216
    ],
    "chain_iptm": [
        0.20416325330734253,
        0.20416325330734253
    ],
    "chain_pair_iptm": [
        [
            0.0,
            0.20416325330734253
        ],
        [
            0.20416325330734253,
            0.0
        ]
    ],
    "chain_pair_iptm_global": [
        [
            0.0,
            0.20416325330734253
        ],
        [
            0.20416325330734253,
            0.0
        ]
    ],
    "chain_plddt": [
        0.482421875,
        0.6953125
    ],
    "chain_pair_plddt": [
        [
            0.0,
            0.60546875
        ],
        [
            0.60546875,
            0.0
        ]
    ],
    "has_clash": false,
    "disorder": 0.0,
    "ranking_score": 0.21587248146533966,
    "num_recycles": 12
}