{
    "plddt": 63.25,
    "gpde": 2.628073215484619,
    "ptm": 0.27524954080581665,
    "iptm": 0.191696435213089,
    "chain_ptm": [
        0.40419626235961914,
        0.17469240725040436
    ],
    "chain_iptm": [
        0.191696435213089,
        0.191696435213089
    ],
    "chain_pair_iptm": [
        [
            0.0,
            0.191696435213089
        ],
        [
            0.191696435213089,
            0.0
        ]
    ],
    "chain_pair_iptm_global": [
        [
            0.0,
            0.191696435213089
        ],
        [
            0.191696435213089,
            0.0
        ]
    ],
    "chain_plddt": [
        0.5,
        0.66796875
    ],
    "chain_pair_plddt": [
        [
            0.0,
            0.6328125
        ],
        [
            0.6328125,
            0.0
        ]
    ],
    "has_clash": false,
    "disorder": 0.0,
    "ranking_score": 0.20840705931186676,
    "num_recycles": 8
}