{
    "plddt": 63.25,
    "gpde": 2.658733367919922,
    "ptm": 0.26899096369743347,
    "iptm": 0.1682910919189453,
    "chain_ptm": [
        0.40060076117515564,
        0.15781444311141968
    ],
    "chain_iptm": [
        0.1682910919189453,
        0.1682910919189453
    ],
    "chain_pair_iptm": [
        [
            0.0,
            0.1682910919189453
        ],
        [
            0.1682910919189453,
            0.0
        ]
    ],
    "chain_pair_iptm_global": [
        [
            0.0,
            0.1682910919189453
        ],
        [
            0.1682910919189453,
            0.0
        ]
    ],
    "chain_plddt": [
        0.498046875,
        0.66796875
    ],
    "chain_pair_plddt": [
        [
            0.0,
            0.6328125
        ],
        [
            0.6328125,
            0.0
        ]
    ],
    "has_clash": false,
    "disorder": 0.0,
    "ranking_score": 0.18843106925487518,
    "num_recycles": 8
}