{
    "plddt": 63.25,
    "gpde": 2.67057466506958,
    "ptm": 0.2613914906978607,
    "iptm": 0.1697632223367691,
    "chain_ptm": [
        0.3826368749141693,
        0.16256141662597656
    ],
    "chain_iptm": [
        0.1697632223367691,
        0.1697632223367691
    ],
    "chain_pair_iptm": [
        [
            0.0,
            0.1697632223367691
        ],
        [
            0.1697632223367691,
            0.0
        ]
    ],
    "chain_pair_iptm_global": [
        [
            0.0,
            0.1697632223367691
        ],
        [
            0.1697632223367691,
            0.0
        ]
    ],
    "chain_plddt": [
        0.498046875,
        0.66796875
    ],
    "chain_pair_plddt": [
        [
            0.0,
            0.6328125
        ],
        [
            0.6328125,
            0.0
        ]
    ],
    "has_clash": false,
    "disorder": 0.0,
    "ranking_score": 0.18808887898921967,
    "num_recycles": 8
}