{
    "plddt": 63.25,
    "gpde": 2.671375036239624,
    "ptm": 0.2709881067276001,
    "iptm": 0.231316938996315,
    "chain_ptm": [
        0.39013147354125977,
        0.18600106239318848
    ],
    "chain_iptm": [
        0.231316938996315,
        0.231316938996315
    ],
    "chain_pair_iptm": [
        [
            0.0,
            0.231316938996315
        ],
        [
            0.231316938996315,
            0.0
        ]
    ],
    "chain_pair_iptm_global": [
        [
            0.0,
            0.231316938996315
        ],
        [
            0.231316938996315,
            0.0
        ]
    ],
    "chain_plddt": [
        0.5,
        0.66796875
    ],
    "chain_pair_plddt": [
        [
            0.0,
            0.6328125
        ],
        [
            0.6328125,
            0.0
        ]
    ],
    "has_clash": false,
    "disorder": 0.0,
    "ranking_score": 0.23925118148326874,
    "num_recycles": 8
}