{
    "plddt": 63.25,
    "gpde": 2.6257715225219727,
    "ptm": 0.27277594804763794,
    "iptm": 0.19591504335403442,
    "chain_ptm": [
        0.4077315330505371,
        0.16328975558280945
    ],
    "chain_iptm": [
        0.19591504335403442,
        0.19591504335403442
    ],
    "chain_pair_iptm": [
        [
            0.0,
            0.19591504335403442
        ],
        [
            0.19591504335403442,
            0.0
        ]
    ],
    "chain_pair_iptm_global": [
        [
            0.0,
            0.19591504335403442
        ],
        [
            0.19591504335403442,
            0.0
        ]
    ],
    "chain_plddt": [
        0.50390625,
        0.66796875
    ],
    "chain_pair_plddt": [
        [
            0.0,
            0.6328125
        ],
        [
            0.6328125,
            0.0
        ]
    ],
    "has_clash": false,
    "disorder": 0.0,
    "ranking_score": 0.2112872302532196,
    "num_recycles": 8
}