{
    "plddt": 65.0,
    "gpde": 2.275290012359619,
    "ptm": 0.38993144035339355,
    "iptm": 0.33672598004341125,
    "chain_ptm": [
        0.49249592423439026,
        0.2516324520111084
    ],
    "chain_iptm": [
        0.33672598004341125,
        0.33672598004341125
    ],
    "chain_pair_iptm": [
        [
            0.0,
            0.33672598004341125
        ],
        [
            0.33672598004341125,
            0.0
        ]
    ],
    "chain_pair_iptm_global": [
        [
            0.0,
            0.33672598004341125
        ],
        [
            0.33672598004341125,
            0.0
        ]
    ],
    "chain_plddt": [
        0.58203125,
        0.68359375
    ],
    "chain_pair_plddt": [
        [
            0.0,
            0.65234375
        ],
        [
            0.65234375,
            0.0
        ]
    ],
    "has_clash": false,
    "disorder": 0.0,
    "ranking_score": 0.3473670780658722,
    "num_recycles": 12
}