{
    "plddt": 65.0,
    "gpde": 2.246863842010498,
    "ptm": 0.43134087324142456,
    "iptm": 0.42435336112976074,
    "chain_ptm": [
        0.5067895650863647,
        0.2842758595943451
    ],
    "chain_iptm": [
        0.42435336112976074,
        0.42435336112976074
    ],
    "chain_pair_iptm": [
        [
            0.0,
            0.42435336112976074
        ],
        [
            0.42435336112976074,
            0.0
        ]
    ],
    "chain_pair_iptm_global": [
        [
            0.0,
            0.42435336112976074
        ],
        [
            0.42435336112976074,
            0.0
        ]
    ],
    "chain_plddt": [
        0.578125,
        0.6875
    ],
    "chain_pair_plddt": [
        [
            0.0,
            0.65234375
        ],
        [
            0.65234375,
            0.0
        ]
    ],
    "has_clash": false,
    "disorder": 0.0,
    "ranking_score": 0.42575088143348694,
    "num_recycles": 12
}