{
    "plddt": 65.0,
    "gpde": 2.4816815853118896,
    "ptm": 0.21935103833675385,
    "iptm": 0.12012895941734314,
    "chain_ptm": [
        0.35268136858940125,
        0.15534941852092743
    ],
    "chain_iptm": [
        0.12012895941734314,
        0.12012895941734314
    ],
    "chain_pair_iptm": [
        [
            0.0,
            0.12012895941734314
        ],
        [
            0.12012895941734314,
            0.0
        ]
    ],
    "chain_pair_iptm_global": [
        [
            0.0,
            0.12012895941734314
        ],
        [
            0.12012895941734314,
            0.0
        ]
    ],
    "chain_plddt": [
        0.515625,
        0.6796875
    ],
    "chain_pair_plddt": [
        [
            0.0,
            0.65234375
        ],
        [
            0.65234375,
            0.0
        ]
    ],
    "has_clash": false,
    "disorder": 0.0,
    "ranking_score": 0.13997337222099304,
    "num_recycles": 8
}