{
    "plddt": 65.0,
    "gpde": 2.4708356857299805,
    "ptm": 0.2319859266281128,
    "iptm": 0.169362872838974,
    "chain_ptm": [
        0.34369421005249023,
        0.157771497964859
    ],
    "chain_iptm": [
        0.169362872838974,
        0.169362872838974
    ],
    "chain_pair_iptm": [
        [
            0.0,
            0.169362872838974
        ],
        [
            0.169362872838974,
            0.0
        ]
    ],
    "chain_pair_iptm_global": [
        [
            0.0,
            0.169362872838974
        ],
        [
            0.169362872838974,
            0.0
        ]
    ],
    "chain_plddt": [
        0.51171875,
        0.68359375
    ],
    "chain_pair_plddt": [
        [
            0.0,
            0.65234375
        ],
        [
            0.65234375,
            0.0
        ]
    ],
    "has_clash": false,
    "disorder": 0.0,
    "ranking_score": 0.18188747763633728,
    "num_recycles": 8
}