{
    "plddt": 65.0,
    "gpde": 2.4722437858581543,
    "ptm": 0.2322259545326233,
    "iptm": 0.15867012739181519,
    "chain_ptm": [
        0.35288670659065247,
        0.16204889118671417
    ],
    "chain_iptm": [
        0.15867012739181519,
        0.15867012739181519
    ],
    "chain_pair_iptm": [
        [
            0.0,
            0.15867012739181519
        ],
        [
            0.15867012739181519,
            0.0
        ]
    ],
    "chain_pair_iptm_global": [
        [
            0.0,
            0.15867012739181519
        ],
        [
            0.15867012739181519,
            0.0
        ]
    ],
    "chain_plddt": [
        0.515625,
        0.68359375
    ],
    "chain_pair_plddt": [
        [
            0.0,
            0.65234375
        ],
        [
            0.65234375,
            0.0
        ]
    ],
    "has_clash": false,
    "disorder": 0.0,
    "ranking_score": 0.17338129878044128,
    "num_recycles": 8
}