{
    "plddt": 65.0,
    "gpde": 2.458366870880127,
    "ptm": 0.23942409455776215,
    "iptm": 0.19324906170368195,
    "chain_ptm": [
        0.3831711709499359,
        0.16618943214416504
    ],
    "chain_iptm": [
        0.19324906170368195,
        0.19324906170368195
    ],
    "chain_pair_iptm": [
        [
            0.0,
            0.19324906170368195
        ],
        [
            0.19324906170368195,
            0.0
        ]
    ],
    "chain_pair_iptm_global": [
        [
            0.0,
            0.19324906170368195
        ],
        [
            0.19324906170368195,
            0.0
        ]
    ],
    "chain_plddt": [
        0.51953125,
        0.68359375
    ],
    "chain_pair_plddt": [
        [
            0.0,
            0.65234375
        ],
        [
            0.65234375,
            0.0
        ]
    ],
    "has_clash": false,
    "disorder": 0.0,
    "ranking_score": 0.20248407125473022,
    "num_recycles": 8
}