{
    "plddt": 65.0,
    "gpde": 2.5359044075012207,
    "ptm": 0.23062752187252045,
    "iptm": 0.15576647222042084,
    "chain_ptm": [
        0.31698787212371826,
        0.17030905187129974
    ],
    "chain_iptm": [
        0.15576647222042084,
        0.15576647222042084
    ],
    "chain_pair_iptm": [
        [
            0.0,
            0.15576647222042084
        ],
        [
            0.15576647222042084,
            0.0
        ]
    ],
    "chain_pair_iptm_global": [
        [
            0.0,
            0.15576647222042084
        ],
        [
            0.15576647222042084,
            0.0
        ]
    ],
    "chain_plddt": [
        0.51171875,
        0.6796875
    ],
    "chain_pair_plddt": [
        [
            0.0,
            0.6484375
        ],
        [
            0.6484375,
            0.0
        ]
    ],
    "has_clash": false,
    "disorder": 0.0,
    "ranking_score": 0.17073868215084076,
    "num_recycles": 8
}