{
    "plddt": 70.0,
    "gpde": 2.0847041606903076,
    "ptm": 0.5071235299110413,
    "iptm": 0.48424091935157776,
    "chain_ptm": [
        0.557125985622406,
        0.29682672023773193
    ],
    "chain_iptm": [
        0.48424091935157776,
        0.48424091935157776
    ],
    "chain_pair_iptm": [
        [
            0.0,
            0.48424091935157776
        ],
        [
            0.48424091935157776,
            0.0
        ]
    ],
    "chain_pair_iptm_global": [
        [
            0.0,
            0.48424091935157776
        ],
        [
            0.48424091935157776,
            0.0
        ]
    ],
    "chain_plddt": [
        0.640625,
        0.73828125
    ],
    "chain_pair_plddt": [
        [
            0.0,
            0.69921875
        ],
        [
            0.69921875,
            0.0
        ]
    ],
    "has_clash": false,
    "disorder": 0.0,
    "ranking_score": 0.4888174533843994,
    "num_recycles": 12
}