{
    "plddt": 61.0,
    "gpde": 2.9561355113983154,
    "ptm": 0.24227897822856903,
    "iptm": 0.18688839673995972,
    "chain_ptm": [
        0.25080931186676025,
        0.2388923168182373
    ],
    "chain_iptm": [
        0.18688839673995972,
        0.18688839673995972
    ],
    "chain_pair_iptm": [
        [
            0.0,
            0.18688839673995972
        ],
        [
            0.18688839673995972,
            0.0
        ]
    ],
    "chain_pair_iptm_global": [
        [
            0.0,
            0.18688839673995972
        ],
        [
            0.18688839673995972,
            0.0
        ]
    ],
    "chain_plddt": [
        0.478515625,
        0.671875
    ],
    "chain_pair_plddt": [
        [
            0.0,
            0.609375
        ],
        [
            0.609375,
            0.0
        ]
    ],
    "has_clash": false,
    "disorder": 0.0,
    "ranking_score": 0.19796651601791382,
    "num_recycles": 12
}