{
    "plddt": 61.0,
    "gpde": 2.9095253944396973,
    "ptm": 0.26670822501182556,
    "iptm": 0.2478996366262436,
    "chain_ptm": [
        0.24729427695274353,
        0.24574467539787292
    ],
    "chain_iptm": [
        0.2478996366262436,
        0.2478996366262436
    ],
    "chain_pair_iptm": [
        [
            0.0,
            0.2478996366262436
        ],
        [
            0.2478996366262436,
            0.0
        ]
    ],
    "chain_pair_iptm_global": [
        [
            0.0,
            0.2478996366262436
        ],
        [
            0.2478996366262436,
            0.0
        ]
    ],
    "chain_plddt": [
        0.474609375,
        0.67578125
    ],
    "chain_pair_plddt": [
        [
            0.0,
            0.609375
        ],
        [
            0.609375,
            0.0
        ]
    ],
    "has_clash": false,
    "disorder": 0.0,
    "ranking_score": 0.25166136026382446,
    "num_recycles": 12
}