{
    "plddt": 71.0,
    "gpde": 2.135577917098999,
    "ptm": 0.4731181263923645,
    "iptm": 0.43933960795402527,
    "chain_ptm": [
        0.5205844640731812,
        0.26495814323425293
    ],
    "chain_iptm": [
        0.43933960795402527,
        0.43933960795402527
    ],
    "chain_pair_iptm": [
        [
            0.0,
            0.43933960795402527
        ],
        [
            0.43933960795402527,
            0.0
        ]
    ],
    "chain_pair_iptm_global": [
        [
            0.0,
            0.43933960795402527
        ],
        [
            0.43933960795402527,
            0.0
        ]
    ],
    "chain_plddt": [
        0.640625,
        0.7578125
    ],
    "chain_pair_plddt": [
        [
            0.0,
            0.7109375
        ],
        [
            0.7109375,
            0.0
        ]
    ],
    "has_clash": false,
    "disorder": 0.0,
    "ranking_score": 0.4460953176021576,
    "num_recycles": 12
}