{
    "plddt": 71.5,
    "gpde": 2.2315452098846436,
    "ptm": 0.44035547971725464,
    "iptm": 0.36095353960990906,
    "chain_ptm": [
        0.45907554030418396,
        0.26276710629463196
    ],
    "chain_iptm": [
        0.36095353960990906,
        0.36095353960990906
    ],
    "chain_pair_iptm": [
        [
            0.0,
            0.36095353960990906
        ],
        [
            0.36095353960990906,
            0.0
        ]
    ],
    "chain_pair_iptm_global": [
        [
            0.0,
            0.36095353960990906
        ],
        [
            0.36095353960990906,
            0.0
        ]
    ],
    "chain_plddt": [
        0.625,
        0.77734375
    ],
    "chain_pair_plddt": [
        [
            0.0,
            0.71484375
        ],
        [
            0.71484375,
            0.0
        ]
    ],
    "has_clash": false,
    "disorder": 0.0,
    "ranking_score": 0.3768339455127716,
    "num_recycles": 12
}