{
    "plddt": 71.0,
    "gpde": 2.1327688694000244,
    "ptm": 0.5335668921470642,
    "iptm": 0.47424933314323425,
    "chain_ptm": [
        0.5359349250793457,
        0.35063883662223816
    ],
    "chain_iptm": [
        0.47424933314323425,
        0.47424933314323425
    ],
    "chain_pair_iptm": [
        [
            0.0,
            0.47424933314323425
        ],
        [
            0.47424933314323425,
            0.0
        ]
    ],
    "chain_pair_iptm_global": [
        [
            0.0,
            0.47424933314323425
        ],
        [
            0.47424933314323425,
            0.0
        ]
    ],
    "chain_plddt": [
        0.6328125,
        0.76171875
    ],
    "chain_pair_plddt": [
        [
            0.0,
            0.7109375
        ],
        [
            0.7109375,
            0.0
        ]
    ],
    "has_clash": false,
    "disorder": 0.0,
    "ranking_score": 0.4861128628253937,
    "num_recycles": 12
}