{
    "plddt": 72.5,
    "gpde": 2.004347562789917,
    "ptm": 0.5194249749183655,
    "iptm": 0.5181564092636108,
    "chain_ptm": [
        0.5752236843109131,
        0.31392383575439453
    ],
    "chain_iptm": [
        0.5181564092636108,
        0.5181564092636108
    ],
    "chain_pair_iptm": [
        [
            0.0,
            0.5181564092636108
        ],
        [
            0.5181564092636108,
            0.0
        ]
    ],
    "chain_pair_iptm_global": [
        [
            0.0,
            0.5181564092636108
        ],
        [
            0.5181564092636108,
            0.0
        ]
    ],
    "chain_plddt": [
        0.6640625,
        0.76171875
    ],
    "chain_pair_plddt": [
        [
            0.0,
            0.72265625
        ],
        [
            0.72265625,
            0.0
        ]
    ],
    "has_clash": false,
    "disorder": 0.0,
    "ranking_score": 0.5184100866317749,
    "num_recycles": 12
}