{
    "plddt": 65.0,
    "gpde": 2.1461734771728516,
    "ptm": 0.31478890776634216,
    "iptm": 0.31258919835090637,
    "chain_ptm": [
        0.4641949236392975,
        0.15498369932174683
    ],
    "chain_iptm": [
        0.31258919835090637,
        0.31258919835090637
    ],
    "chain_pair_iptm": [
        [
            0.0,
            0.31258919835090637
        ],
        [
            0.31258919835090637,
            0.0
        ]
    ],
    "chain_pair_iptm_global": [
        [
            0.0,
            0.31258919835090637
        ],
        [
            0.31258919835090637,
            0.0
        ]
    ],
    "chain_plddt": [
        0.58984375,
        0.671875
    ],
    "chain_pair_plddt": [
        [
            0.0,
            0.65234375
        ],
        [
            0.65234375,
            0.0
        ]
    ],
    "has_clash": false,
    "disorder": 0.0,
    "ranking_score": 0.3130291700363159,
    "num_recycles": 12
}