{
    "plddt": 64.5,
    "gpde": 2.1343064308166504,
    "ptm": 0.32019340991973877,
    "iptm": 0.3398688733577728,
    "chain_ptm": [
        0.4677080512046814,
        0.1628454625606537
    ],
    "chain_iptm": [
        0.3398688733577728,
        0.3398688733577728
    ],
    "chain_pair_iptm": [
        [
            0.0,
            0.3398688733577728
        ],
        [
            0.3398688733577728,
            0.0
        ]
    ],
    "chain_pair_iptm_global": [
        [
            0.0,
            0.3398688733577728
        ],
        [
            0.3398688733577728,
            0.0
        ]
    ],
    "chain_plddt": [
        0.57421875,
        0.6640625
    ],
    "chain_pair_plddt": [
        [
            0.0,
            0.64453125
        ],
        [
            0.64453125,
            0.0
        ]
    ],
    "has_clash": false,
    "disorder": 0.0,
    "ranking_score": 0.3359338045120239,
    "num_recycles": 12
}