{
    "plddt": 65.0,
    "gpde": 2.1537389755249023,
    "ptm": 0.30915316939353943,
    "iptm": 0.2790311276912689,
    "chain_ptm": [
        0.4416356682777405,
        0.169032022356987
    ],
    "chain_iptm": [
        0.2790311276912689,
        0.2790311276912689
    ],
    "chain_pair_iptm": [
        [
            0.0,
            0.2790311276912689
        ],
        [
            0.2790311276912689,
            0.0
        ]
    ],
    "chain_pair_iptm_global": [
        [
            0.0,
            0.2790311276912689
        ],
        [
            0.2790311276912689,
            0.0
        ]
    ],
    "chain_plddt": [
        0.58203125,
        0.6640625
    ],
    "chain_pair_plddt": [
        [
            0.0,
            0.6484375
        ],
        [
            0.6484375,
            0.0
        ]
    ],
    "has_clash": false,
    "disorder": 0.0,
    "ranking_score": 0.285055547952652,
    "num_recycles": 12
}