{
    "plddt": 64.5,
    "gpde": 2.1398701667785645,
    "ptm": 0.29830726981163025,
    "iptm": 0.2702770531177521,
    "chain_ptm": [
        0.436490535736084,
        0.16571912169456482
    ],
    "chain_iptm": [
        0.2702770531177521,
        0.2702770531177521
    ],
    "chain_pair_iptm": [
        [
            0.0,
            0.2702770531177521
        ],
        [
            0.2702770531177521,
            0.0
        ]
    ],
    "chain_pair_iptm_global": [
        [
            0.0,
            0.2702770531177521
        ],
        [
            0.2702770531177521,
            0.0
        ]
    ],
    "chain_plddt": [
        0.578125,
        0.6640625
    ],
    "chain_pair_plddt": [
        [
            0.0,
            0.64453125
        ],
        [
            0.64453125,
            0.0
        ]
    ],
    "has_clash": false,
    "disorder": 0.0,
    "ranking_score": 0.27588310837745667,
    "num_recycles": 12
}