{
    "plddt": 61.0,
    "gpde": 2.0422933101654053,
    "ptm": 0.3205072581768036,
    "iptm": 0.3160606622695923,
    "chain_ptm": [
        0.4469866156578064,
        0.18783506751060486
    ],
    "chain_iptm": [
        0.3160606622695923,
        0.3160606622695923
    ],
    "chain_pair_iptm": [
        [
            0.0,
            0.3160606622695923
        ],
        [
            0.3160606622695923,
            0.0
        ]
    ],
    "chain_pair_iptm_global": [
        [
            0.0,
            0.3160606622695923
        ],
        [
            0.3160606622695923,
            0.0
        ]
    ],
    "chain_plddt": [
        0.55859375,
        0.625
    ],
    "chain_pair_plddt": [
        [
            0.0,
            0.609375
        ],
        [
            0.609375,
            0.0
        ]
    ],
    "has_clash": false,
    "disorder": 0.0,
    "ranking_score": 0.3169499933719635,
    "num_recycles": 12
}