{
    "plddt": 67.0,
    "gpde": 2.8863277435302734,
    "ptm": 0.2703447639942169,
    "iptm": 0.1826249361038208,
    "chain_ptm": [
        0.3868224322795868,
        0.24272842705249786
    ],
    "chain_iptm": [
        0.1826249361038208,
        0.1826249361038208
    ],
    "chain_pair_iptm": [
        [
            0.0,
            0.1826249361038208
        ],
        [
            0.1826249361038208,
            0.0
        ]
    ],
    "chain_pair_iptm_global": [
        [
            0.0,
            0.1826249361038208
        ],
        [
            0.1826249361038208,
            0.0
        ]
    ],
    "chain_plddt": [
        0.52734375,
        0.71875
    ],
    "chain_pair_plddt": [
        [
            0.0,
            0.671875
        ],
        [
            0.671875,
            0.0
        ]
    ],
    "has_clash": false,
    "disorder": 0.0,
    "ranking_score": 0.2001689076423645,
    "num_recycles": 12
}