{
    "plddt": 65.5,
    "gpde": 2.8006958961486816,
    "ptm": 0.27906182408332825,
    "iptm": 0.1613520234823227,
    "chain_ptm": [
        0.3919278681278229,
        0.25308313965797424
    ],
    "chain_iptm": [
        0.1613520234823227,
        0.1613520234823227
    ],
    "chain_pair_iptm": [
        [
            0.0,
            0.1613520234823227
        ],
        [
            0.1613520234823227,
            0.0
        ]
    ],
    "chain_pair_iptm_global": [
        [
            0.0,
            0.1613520234823227
        ],
        [
            0.1613520234823227,
            0.0
        ]
    ],
    "chain_plddt": [
        0.515625,
        0.703125
    ],
    "chain_pair_plddt": [
        [
            0.0,
            0.65625
        ],
        [
            0.65625,
            0.0
        ]
    ],
    "has_clash": false,
    "disorder": 0.0,
    "ranking_score": 0.18489399552345276,
    "num_recycles": 12
}