{
    "plddt": 66.5,
    "gpde": 2.895448923110962,
    "ptm": 0.2732626497745514,
    "iptm": 0.24157345294952393,
    "chain_ptm": [
        0.37511348724365234,
        0.2400762289762497
    ],
    "chain_iptm": [
        0.24157345294952393,
        0.24157345294952393
    ],
    "chain_pair_iptm": [
        [
            0.0,
            0.24157345294952393
        ],
        [
            0.24157345294952393,
            0.0
        ]
    ],
    "chain_pair_iptm_global": [
        [
            0.0,
            0.24157345294952393
        ],
        [
            0.24157345294952393,
            0.0
        ]
    ],
    "chain_plddt": [
        0.52734375,
        0.70703125
    ],
    "chain_pair_plddt": [
        [
            0.0,
            0.6640625
        ],
        [
            0.6640625,
            0.0
        ]
    ],
    "has_clash": false,
    "disorder": 0.0,
    "ranking_score": 0.24791128933429718,
    "num_recycles": 12
}