{
    "plddt": 67.0,
    "gpde": 2.858475923538208,
    "ptm": 0.27404874563217163,
    "iptm": 0.15961475670337677,
    "chain_ptm": [
        0.3905538022518158,
        0.23619432747364044
    ],
    "chain_iptm": [
        0.15961475670337677,
        0.15961475670337677
    ],
    "chain_pair_iptm": [
        [
            0.0,
            0.15961475670337677
        ],
        [
            0.15961475670337677,
            0.0
        ]
    ],
    "chain_pair_iptm_global": [
        [
            0.0,
            0.15961475670337677
        ],
        [
            0.15961475670337677,
            0.0
        ]
    ],
    "chain_plddt": [
        0.52734375,
        0.71484375
    ],
    "chain_pair_plddt": [
        [
            0.0,
            0.66796875
        ],
        [
            0.66796875,
            0.0
        ]
    ],
    "has_clash": false,
    "disorder": 0.0,
    "ranking_score": 0.18250155448913574,
    "num_recycles": 12
}