{
    "plddt": 67.0,
    "gpde": 3.0196897983551025,
    "ptm": 0.25318750739097595,
    "iptm": 0.15114672482013702,
    "chain_ptm": [
        0.3385091722011566,
        0.24315449595451355
    ],
    "chain_iptm": [
        0.15114672482013702,
        0.15114672482013702
    ],
    "chain_pair_iptm": [
        [
            0.0,
            0.15114672482013702
        ],
        [
            0.15114672482013702,
            0.0
        ]
    ],
    "chain_pair_iptm_global": [
        [
            0.0,
            0.15114672482013702
        ],
        [
            0.15114672482013702,
            0.0
        ]
    ],
    "chain_plddt": [
        0.51953125,
        0.71484375
    ],
    "chain_pair_plddt": [
        [
            0.0,
            0.66796875
        ],
        [
            0.66796875,
            0.0
        ]
    ],
    "has_clash": false,
    "disorder": 0.0,
    "ranking_score": 0.17155487835407257,
    "num_recycles": 12
}