{
    "plddt": 65.0,
    "gpde": 2.1416819095611572,
    "ptm": 0.31335917115211487,
    "iptm": 0.2818206250667572,
    "chain_ptm": [
        0.4347546398639679,
        0.16612017154693604
    ],
    "chain_iptm": [
        0.2818206250667572,
        0.2818206250667572
    ],
    "chain_pair_iptm": [
        [
            0.0,
            0.2818206250667572
        ],
        [
            0.2818206250667572,
            0.0
        ]
    ],
    "chain_pair_iptm_global": [
        [
            0.0,
            0.2818206250667572
        ],
        [
            0.2818206250667572,
            0.0
        ]
    ],
    "chain_plddt": [
        0.57421875,
        0.671875
    ],
    "chain_pair_plddt": [
        [
            0.0,
            0.6484375
        ],
        [
            0.6484375,
            0.0
        ]
    ],
    "has_clash": false,
    "disorder": 0.0,
    "ranking_score": 0.2881283462047577,
    "num_recycles": 12
}