{
    "plddt": 60.25,
    "gpde": 3.377070188522339,
    "ptm": 0.26109710335731506,
    "iptm": 0.2211540937423706,
    "chain_ptm": [
        0.25794780254364014,
        0.21916279196739197
    ],
    "chain_iptm": [
        0.2211540937423706,
        0.2211540937423706
    ],
    "chain_pair_iptm": [
        [
            0.0,
            0.2211540937423706
        ],
        [
            0.2211540937423706,
            0.0
        ]
    ],
    "chain_pair_iptm_global": [
        [
            0.0,
            0.2211540937423706
        ],
        [
            0.2211540937423706,
            0.0
        ]
    ],
    "chain_plddt": [
        0.484375,
        0.68359375
    ],
    "chain_pair_plddt": [
        [
            0.0,
            0.6015625
        ],
        [
            0.6015625,
            0.0
        ]
    ],
    "has_clash": false,
    "disorder": 0.0,
    "ranking_score": 0.2291426956653595,
    "num_recycles": 12
}