{
    "plddt": 60.25,
    "gpde": 3.4300320148468018,
    "ptm": 0.27403461933135986,
    "iptm": 0.2519320845603943,
    "chain_ptm": [
        0.262113094329834,
        0.261963427066803
    ],
    "chain_iptm": [
        0.2519320845603943,
        0.2519320845603943
    ],
    "chain_pair_iptm": [
        [
            0.0,
            0.2519320845603943
        ],
        [
            0.2519320845603943,
            0.0
        ]
    ],
    "chain_pair_iptm_global": [
        [
            0.0,
            0.2519320845603943
        ],
        [
            0.2519320845603943,
            0.0
        ]
    ],
    "chain_plddt": [
        0.4765625,
        0.69140625
    ],
    "chain_pair_plddt": [
        [
            0.0,
            0.6015625
        ],
        [
            0.6015625,
            0.0
        ]
    ],
    "has_clash": false,
    "disorder": 0.0,
    "ranking_score": 0.25635260343551636,
    "num_recycles": 12
}