{
    "plddt": 59.75,
    "gpde": 3.4620907306671143,
    "ptm": 0.2735948860645294,
    "iptm": 0.20879341661930084,
    "chain_ptm": [
        0.2863696813583374,
        0.25060585141181946
    ],
    "chain_iptm": [
        0.20879341661930084,
        0.20879341661930084
    ],
    "chain_pair_iptm": [
        [
            0.0,
            0.20879341661930084
        ],
        [
            0.20879341661930084,
            0.0
        ]
    ],
    "chain_pair_iptm_global": [
        [
            0.0,
            0.20879341661930084
        ],
        [
            0.20879341661930084,
            0.0
        ]
    ],
    "chain_plddt": [
        0.4765625,
        0.6875
    ],
    "chain_pair_plddt": [
        [
            0.0,
            0.59765625
        ],
        [
            0.59765625,
            0.0
        ]
    ],
    "has_clash": false,
    "disorder": 0.0,
    "ranking_score": 0.22175371646881104,
    "num_recycles": 12
}