{
    "plddt": 73.0,
    "gpde": 2.0457041263580322,
    "ptm": 0.54407799243927,
    "iptm": 0.513569712638855,
    "chain_ptm": [
        0.5666579604148865,
        0.35116472840309143
    ],
    "chain_iptm": [
        0.513569712638855,
        0.513569712638855
    ],
    "chain_pair_iptm": [
        [
            0.0,
            0.513569712638855
        ],
        [
            0.513569712638855,
            0.0
        ]
    ],
    "chain_pair_iptm_global": [
        [
            0.0,
            0.513569712638855
        ],
        [
            0.513569712638855,
            0.0
        ]
    ],
    "chain_plddt": [
        0.65234375,
        0.78125
    ],
    "chain_pair_plddt": [
        [
            0.0,
            0.73046875
        ],
        [
            0.73046875,
            0.0
        ]
    ],
    "has_clash": false,
    "disorder": 0.0,
    "ranking_score": 0.5196713805198669,
    "num_recycles": 8
}