{
    "plddt": 71.0,
    "gpde": 1.9831786155700684,
    "ptm": 0.5585753917694092,
    "iptm": 0.5314001441001892,
    "chain_ptm": [
        0.5875542163848877,
        0.3567999303340912
    ],
    "chain_iptm": [
        0.5314001441001892,
        0.5314001441001892
    ],
    "chain_pair_iptm": [
        [
            0.0,
            0.5314001441001892
        ],
        [
            0.5314001441001892,
            0.0
        ]
    ],
    "chain_pair_iptm_global": [
        [
            0.0,
            0.5314001441001892
        ],
        [
            0.5314001441001892,
            0.0
        ]
    ],
    "chain_plddt": [
        0.6328125,
        0.76171875
    ],
    "chain_pair_plddt": [
        [
            0.0,
            0.7109375
        ],
        [
            0.7109375,
            0.0
        ]
    ],
    "has_clash": false,
    "disorder": 0.0,
    "ranking_score": 0.5368351936340332,
    "num_recycles": 8
}