{
    "plddt": 71.5,
    "gpde": 2.0329091548919678,
    "ptm": 0.5372690558433533,
    "iptm": 0.5125671029090881,
    "chain_ptm": [
        0.5755082368850708,
        0.33341509103775024
    ],
    "chain_iptm": [
        0.5125671029090881,
        0.5125671029090881
    ],
    "chain_pair_iptm": [
        [
            0.0,
            0.5125671029090881
        ],
        [
            0.5125671029090881,
            0.0
        ]
    ],
    "chain_pair_iptm_global": [
        [
            0.0,
            0.5125671029090881
        ],
        [
            0.5125671029090881,
            0.0
        ]
    ],
    "chain_plddt": [
        0.64453125,
        0.76171875
    ],
    "chain_pair_plddt": [
        [
            0.0,
            0.71484375
        ],
        [
            0.71484375,
            0.0
        ]
    ],
    "has_clash": false,
    "disorder": 0.0,
    "ranking_score": 0.5175074934959412,
    "num_recycles": 8
}