{
    "plddt": 71.5,
    "gpde": 2.1574933528900146,
    "ptm": 0.47338077425956726,
    "iptm": 0.48256245255470276,
    "chain_ptm": [
        0.559167206287384,
        0.22770485281944275
    ],
    "chain_iptm": [
        0.48256245255470276,
        0.48256245255470276
    ],
    "chain_pair_iptm": [
        [
            0.0,
            0.48256245255470276
        ],
        [
            0.48256245255470276,
            0.0
        ]
    ],
    "chain_pair_iptm_global": [
        [
            0.0,
            0.48256245255470276
        ],
        [
            0.48256245255470276,
            0.0
        ]
    ],
    "chain_plddt": [
        0.6484375,
        0.7578125
    ],
    "chain_pair_plddt": [
        [
            0.0,
            0.71484375
        ],
        [
            0.71484375,
            0.0
        ]
    ],
    "has_clash": false,
    "disorder": 0.0,
    "ranking_score": 0.48072612285614014,
    "num_recycles": 8
}