{
    "plddt": 72.0,
    "gpde": 2.306809425354004,
    "ptm": 0.4809141159057617,
    "iptm": 0.49047011137008667,
    "chain_ptm": [
        0.5492023825645447,
        0.256227970123291
    ],
    "chain_iptm": [
        0.49047011137008667,
        0.49047011137008667
    ],
    "chain_pair_iptm": [
        [
            0.0,
            0.49047011137008667
        ],
        [
            0.49047011137008667,
            0.0
        ]
    ],
    "chain_pair_iptm_global": [
        [
            0.0,
            0.49047011137008667
        ],
        [
            0.49047011137008667,
            0.0
        ]
    ],
    "chain_plddt": [
        0.6484375,
        0.765625
    ],
    "chain_pair_plddt": [
        [
            0.0,
            0.71875
        ],
        [
            0.71875,
            0.0
        ]
    ],
    "has_clash": false,
    "disorder": 0.0,
    "ranking_score": 0.48855891823768616,
    "num_recycles": 8
}