{
    "plddt": 67.0,
    "gpde": 3.184579610824585,
    "ptm": 0.357820987701416,
    "iptm": 0.3041363060474396,
    "chain_ptm": [
        0.4095032513141632,
        0.2550368905067444
    ],
    "chain_iptm": [
        0.3041363060474396,
        0.3041363060474396
    ],
    "chain_pair_iptm": [
        [
            0.0,
            0.3041363060474396
        ],
        [
            0.3041363060474396,
            0.0
        ]
    ],
    "chain_pair_iptm_global": [
        [
            0.0,
            0.3041363060474396
        ],
        [
            0.3041363060474396,
            0.0
        ]
    ],
    "chain_plddt": [
        0.5546875,
        0.72265625
    ],
    "chain_pair_plddt": [
        [
            0.0,
            0.66796875
        ],
        [
            0.66796875,
            0.0
        ]
    ],
    "has_clash": false,
    "disorder": 0.0,
    "ranking_score": 0.31487324833869934,
    "num_recycles": 12
}