{
    "plddt": 66.0,
    "gpde": 3.3508150577545166,
    "ptm": 0.3158259987831116,
    "iptm": 0.24295397102832794,
    "chain_ptm": [
        0.38954222202301025,
        0.2060726433992386
    ],
    "chain_iptm": [
        0.24295397102832794,
        0.24295397102832794
    ],
    "chain_pair_iptm": [
        [
            0.0,
            0.24295397102832794
        ],
        [
            0.24295397102832794,
            0.0
        ]
    ],
    "chain_pair_iptm_global": [
        [
            0.0,
            0.24295397102832794
        ],
        [
            0.24295397102832794,
            0.0
        ]
    ],
    "chain_plddt": [
        0.53125,
        0.71875
    ],
    "chain_pair_plddt": [
        [
            0.0,
            0.66015625
        ],
        [
            0.66015625,
            0.0
        ]
    ],
    "has_clash": false,
    "disorder": 0.0,
    "ranking_score": 0.2575283646583557,
    "num_recycles": 12
}