{
    "plddt": 67.0,
    "gpde": 3.288060188293457,
    "ptm": 0.3301539719104767,
    "iptm": 0.2956785559654236,
    "chain_ptm": [
        0.3951606750488281,
        0.22887088358402252
    ],
    "chain_iptm": [
        0.2956785559654236,
        0.2956785559654236
    ],
    "chain_pair_iptm": [
        [
            0.0,
            0.2956785559654236
        ],
        [
            0.2956785559654236,
            0.0
        ]
    ],
    "chain_pair_iptm_global": [
        [
            0.0,
            0.2956785559654236
        ],
        [
            0.2956785559654236,
            0.0
        ]
    ],
    "chain_plddt": [
        0.546875,
        0.73046875
    ],
    "chain_pair_plddt": [
        [
            0.0,
            0.671875
        ],
        [
            0.671875,
            0.0
        ]
    ],
    "has_clash": false,
    "disorder": 0.0,
    "ranking_score": 0.30257365107536316,
    "num_recycles": 12
}