{
    "plddt": 67.5,
    "gpde": 3.2054524421691895,
    "ptm": 0.3341117799282074,
    "iptm": 0.2873845100402832,
    "chain_ptm": [
        0.41161102056503296,
        0.21901942789554596
    ],
    "chain_iptm": [
        0.2873845100402832,
        0.2873845100402832
    ],
    "chain_pair_iptm": [
        [
            0.0,
            0.2873845100402832
        ],
        [
            0.2873845100402832,
            0.0
        ]
    ],
    "chain_pair_iptm_global": [
        [
            0.0,
            0.2873845100402832
        ],
        [
            0.2873845100402832,
            0.0
        ]
    ],
    "chain_plddt": [
        0.5546875,
        0.73046875
    ],
    "chain_pair_plddt": [
        [
            0.0,
            0.67578125
        ],
        [
            0.67578125,
            0.0
        ]
    ],
    "has_clash": false,
    "disorder": 0.0,
    "ranking_score": 0.2967299818992615,
    "num_recycles": 12
}