{
    "plddt": 65.5,
    "gpde": 2.3873984813690186,
    "ptm": 0.3767153322696686,
    "iptm": 0.3557819426059723,
    "chain_ptm": [
        0.48368415236473083,
        0.23370367288589478
    ],
    "chain_iptm": [
        0.3557819426059723,
        0.3557819426059723
    ],
    "chain_pair_iptm": [
        [
            0.0,
            0.3557819426059723
        ],
        [
            0.3557819426059723,
            0.0
        ]
    ],
    "chain_pair_iptm_global": [
        [
            0.0,
            0.3557819426059723
        ],
        [
            0.3557819426059723,
            0.0
        ]
    ],
    "chain_plddt": [
        0.5859375,
        0.68359375
    ],
    "chain_pair_plddt": [
        [
            0.0,
            0.65625
        ],
        [
            0.65625,
            0.0
        ]
    ],
    "has_clash": false,
    "disorder": 0.0,
    "ranking_score": 0.3599686324596405,
    "num_recycles": 8
}