{
    "plddt": 65.5,
    "gpde": 2.2696781158447266,
    "ptm": 0.41883739829063416,
    "iptm": 0.36472201347351074,
    "chain_ptm": [
        0.4827853739261627,
        0.26835039258003235
    ],
    "chain_iptm": [
        0.36472201347351074,
        0.36472201347351074
    ],
    "chain_pair_iptm": [
        [
            0.0,
            0.36472201347351074
        ],
        [
            0.36472201347351074,
            0.0
        ]
    ],
    "chain_pair_iptm_global": [
        [
            0.0,
            0.36472201347351074
        ],
        [
            0.36472201347351074,
            0.0
        ]
    ],
    "chain_plddt": [
        0.58203125,
        0.6875
    ],
    "chain_pair_plddt": [
        [
            0.0,
            0.65625
        ],
        [
            0.65625,
            0.0
        ]
    ],
    "has_clash": false,
    "disorder": 0.0,
    "ranking_score": 0.37554508447647095,
    "num_recycles": 8
}