{
    "plddt": 65.5,
    "gpde": 2.3017423152923584,
    "ptm": 0.4219456613063812,
    "iptm": 0.4259060323238373,
    "chain_ptm": [
        0.5136160850524902,
        0.2649271488189697
    ],
    "chain_iptm": [
        0.4259060323238373,
        0.4259060323238373
    ],
    "chain_pair_iptm": [
        [
            0.0,
            0.4259060323238373
        ],
        [
            0.4259060323238373,
            0.0
        ]
    ],
    "chain_pair_iptm_global": [
        [
            0.0,
            0.4259060323238373
        ],
        [
            0.4259060323238373,
            0.0
        ]
    ],
    "chain_plddt": [
        0.5859375,
        0.6875
    ],
    "chain_pair_plddt": [
        [
            0.0,
            0.65625
        ],
        [
            0.65625,
            0.0
        ]
    ],
    "has_clash": false,
    "disorder": 0.0,
    "ranking_score": 0.4251139760017395,
    "num_recycles": 8
}