{
    "plddt": 65.0,
    "gpde": 2.326331853866577,
    "ptm": 0.40645429491996765,
    "iptm": 0.39020222425460815,
    "chain_ptm": [
        0.49751007556915283,
        0.25360560417175293
    ],
    "chain_iptm": [
        0.39020222425460815,
        0.39020222425460815
    ],
    "chain_pair_iptm": [
        [
            0.0,
            0.39020222425460815
        ],
        [
            0.39020222425460815,
            0.0
        ]
    ],
    "chain_pair_iptm_global": [
        [
            0.0,
            0.39020222425460815
        ],
        [
            0.39020222425460815,
            0.0
        ]
    ],
    "chain_plddt": [
        0.58984375,
        0.6796875
    ],
    "chain_pair_plddt": [
        [
            0.0,
            0.65234375
        ],
        [
            0.65234375,
            0.0
        ]
    ],
    "has_clash": false,
    "disorder": 0.0,
    "ranking_score": 0.39345264434814453,
    "num_recycles": 8
}