{
    "plddt": 65.0,
    "gpde": 2.2801201343536377,
    "ptm": 0.3706524670124054,
    "iptm": 0.35820361971855164,
    "chain_ptm": [
        0.4866592288017273,
        0.23943793773651123
    ],
    "chain_iptm": [
        0.35820361971855164,
        0.35820361971855164
    ],
    "chain_pair_iptm": [
        [
            0.0,
            0.35820361971855164
        ],
        [
            0.35820361971855164,
            0.0
        ]
    ],
    "chain_pair_iptm_global": [
        [
            0.0,
            0.35820361971855164
        ],
        [
            0.35820361971855164,
            0.0
        ]
    ],
    "chain_plddt": [
        0.58203125,
        0.67578125
    ],
    "chain_pair_plddt": [
        [
            0.0,
            0.6484375
        ],
        [
            0.6484375,
            0.0
        ]
    ],
    "has_clash": false,
    "disorder": 0.0,
    "ranking_score": 0.36069339513778687,
    "num_recycles": 8
}