{
    "plddt": 67.5,
    "gpde": 3.211911916732788,
    "ptm": 0.31638920307159424,
    "iptm": 0.25104156136512756,
    "chain_ptm": [
        0.3827364146709442,
        0.3026812970638275
    ],
    "chain_iptm": [
        0.25104156136512756,
        0.25104156136512756
    ],
    "chain_pair_iptm": [
        [
            0.0,
            0.25104156136512756
        ],
        [
            0.25104156136512756,
            0.0
        ]
    ],
    "chain_pair_iptm_global": [
        [
            0.0,
            0.25104156136512756
        ],
        [
            0.25104156136512756,
            0.0
        ]
    ],
    "chain_plddt": [
        0.53515625,
        0.7421875
    ],
    "chain_pair_plddt": [
        [
            0.0,
            0.67578125
        ],
        [
            0.67578125,
            0.0
        ]
    ],
    "has_clash": false,
    "disorder": 0.0,
    "ranking_score": 0.26411110162734985,
    "num_recycles": 8
}