{
    "plddt": 68.0,
    "gpde": 3.149533748626709,
    "ptm": 0.37623822689056396,
    "iptm": 0.32467472553253174,
    "chain_ptm": [
        0.37755444645881653,
        0.3472558259963989
    ],
    "chain_iptm": [
        0.32467472553253174,
        0.32467472553253174
    ],
    "chain_pair_iptm": [
        [
            0.0,
            0.32467472553253174
        ],
        [
            0.32467472553253174,
            0.0
        ]
    ],
    "chain_pair_iptm_global": [
        [
            0.0,
            0.32467472553253174
        ],
        [
            0.32467472553253174,
            0.0
        ]
    ],
    "chain_plddt": [
        0.5390625,
        0.74609375
    ],
    "chain_pair_plddt": [
        [
            0.0,
            0.6796875
        ],
        [
            0.6796875,
            0.0
        ]
    ],
    "has_clash": false,
    "disorder": 0.0,
    "ranking_score": 0.33498743176460266,
    "num_recycles": 8
}