{
    "plddt": 67.5,
    "gpde": 2.9429874420166016,
    "ptm": 0.3815125524997711,
    "iptm": 0.31066107749938965,
    "chain_ptm": [
        0.41519683599472046,
        0.316231369972229
    ],
    "chain_iptm": [
        0.31066107749938965,
        0.31066107749938965
    ],
    "chain_pair_iptm": [
        [
            0.0,
            0.31066107749938965
        ],
        [
            0.31066107749938965,
            0.0
        ]
    ],
    "chain_pair_iptm_global": [
        [
            0.0,
            0.31066107749938965
        ],
        [
            0.31066107749938965,
            0.0
        ]
    ],
    "chain_plddt": [
        0.51953125,
        0.75
    ],
    "chain_pair_plddt": [
        [
            0.0,
            0.67578125
        ],
        [
            0.67578125,
            0.0
        ]
    ],
    "has_clash": false,
    "disorder": 0.0,
    "ranking_score": 0.32483136653900146,
    "num_recycles": 8
}