{
    "plddt": 66.5,
    "gpde": 3.0380148887634277,
    "ptm": 0.3503029942512512,
    "iptm": 0.25589990615844727,
    "chain_ptm": [
        0.3848174810409546,
        0.320743203163147
    ],
    "chain_iptm": [
        0.25589990615844727,
        0.25589990615844727
    ],
    "chain_pair_iptm": [
        [
            0.0,
            0.25589990615844727
        ],
        [
            0.25589990615844727,
            0.0
        ]
    ],
    "chain_pair_iptm_global": [
        [
            0.0,
            0.25589990615844727
        ],
        [
            0.25589990615844727,
            0.0
        ]
    ],
    "chain_plddt": [
        0.5234375,
        0.73046875
    ],
    "chain_pair_plddt": [
        [
            0.0,
            0.6640625
        ],
        [
            0.6640625,
            0.0
        ]
    ],
    "has_clash": false,
    "disorder": 0.0,
    "ranking_score": 0.2747805416584015,
    "num_recycles": 8
}