{
    "plddt": 68.5,
    "gpde": 3.2292139530181885,
    "ptm": 0.3148352801799774,
    "iptm": 0.24245774745941162,
    "chain_ptm": [
        0.3867625296115875,
        0.211419016122818
    ],
    "chain_iptm": [
        0.24245774745941162,
        0.24245774745941162
    ],
    "chain_pair_iptm": [
        [
            0.0,
            0.24245774745941162
        ],
        [
            0.24245774745941162,
            0.0
        ]
    ],
    "chain_pair_iptm_global": [
        [
            0.0,
            0.24245774745941162
        ],
        [
            0.24245774745941162,
            0.0
        ]
    ],
    "chain_plddt": [
        0.546875,
        0.74609375
    ],
    "chain_pair_plddt": [
        [
            0.0,
            0.68359375
        ],
        [
            0.68359375,
            0.0
        ]
    ],
    "has_clash": false,
    "disorder": 0.0,
    "ranking_score": 0.2569332420825958,
    "num_recycles": 8
}