{
    "plddt": 65.5,
    "gpde": 3.144296407699585,
    "ptm": 0.3200674057006836,
    "iptm": 0.22788973152637482,
    "chain_ptm": [
        0.4212581217288971,
        0.24784235656261444
    ],
    "chain_iptm": [
        0.22788973152637482,
        0.22788973152637482
    ],
    "chain_pair_iptm": [
        [
            0.0,
            0.22788973152637482
        ],
        [
            0.22788973152637482,
            0.0
        ]
    ],
    "chain_pair_iptm_global": [
        [
            0.0,
            0.22788973152637482
        ],
        [
            0.22788973152637482,
            0.0
        ]
    ],
    "chain_plddt": [
        0.54296875,
        0.7109375
    ],
    "chain_pair_plddt": [
        [
            0.0,
            0.65625
        ],
        [
            0.65625,
            0.0
        ]
    ],
    "has_clash": false,
    "disorder": 0.0,
    "ranking_score": 0.2463252693414688,
    "num_recycles": 12
}