{
    "plddt": 65.5,
    "gpde": 3.0888772010803223,
    "ptm": 0.3575766384601593,
    "iptm": 0.29420047998428345,
    "chain_ptm": [
        0.43988534808158875,
        0.22516316175460815
    ],
    "chain_iptm": [
        0.29420047998428345,
        0.29420047998428345
    ],
    "chain_pair_iptm": [
        [
            0.0,
            0.29420047998428345
        ],
        [
            0.29420047998428345,
            0.0
        ]
    ],
    "chain_pair_iptm_global": [
        [
            0.0,
            0.29420047998428345
        ],
        [
            0.29420047998428345,
            0.0
        ]
    ],
    "chain_plddt": [
        0.53515625,
        0.71875
    ],
    "chain_pair_plddt": [
        [
            0.0,
            0.65625
        ],
        [
            0.65625,
            0.0
        ]
    ],
    "has_clash": false,
    "disorder": 0.0,
    "ranking_score": 0.30687570571899414,
    "num_recycles": 12
}