{
    "plddt": 65.5,
    "gpde": 3.202897310256958,
    "ptm": 0.32920223474502563,
    "iptm": 0.21103069186210632,
    "chain_ptm": [
        0.38442569971084595,
        0.27331990003585815
    ],
    "chain_iptm": [
        0.21103069186210632,
        0.21103069186210632
    ],
    "chain_pair_iptm": [
        [
            0.0,
            0.21103069186210632
        ],
        [
            0.21103069186210632,
            0.0
        ]
    ],
    "chain_pair_iptm_global": [
        [
            0.0,
            0.21103069186210632
        ],
        [
            0.21103069186210632,
            0.0
        ]
    ],
    "chain_plddt": [
        0.51953125,
        0.7265625
    ],
    "chain_pair_plddt": [
        [
            0.0,
            0.65625
        ],
        [
            0.65625,
            0.0
        ]
    ],
    "has_clash": false,
    "disorder": 0.0,
    "ranking_score": 0.23466500639915466,
    "num_recycles": 12
}