{
    "plddt": 66.0,
    "gpde": 3.173596143722534,
    "ptm": 0.34522131085395813,
    "iptm": 0.24399535357952118,
    "chain_ptm": [
        0.3951606750488281,
        0.27304697036743164
    ],
    "chain_iptm": [
        0.24399535357952118,
        0.24399535357952118
    ],
    "chain_pair_iptm": [
        [
            0.0,
            0.24399535357952118
        ],
        [
            0.24399535357952118,
            0.0
        ]
    ],
    "chain_pair_iptm_global": [
        [
            0.0,
            0.24399535357952118
        ],
        [
            0.24399535357952118,
            0.0
        ]
    ],
    "chain_plddt": [
        0.5390625,
        0.71875
    ],
    "chain_pair_plddt": [
        [
            0.0,
            0.66015625
        ],
        [
            0.66015625,
            0.0
        ]
    ],
    "has_clash": false,
    "disorder": 0.0,
    "ranking_score": 0.264240562915802,
    "num_recycles": 12
}