{
    "plddt": 67.5,
    "gpde": 3.1494078636169434,
    "ptm": 0.3784090578556061,
    "iptm": 0.3001904785633087,
    "chain_ptm": [
        0.40088003873825073,
        0.31561923027038574
    ],
    "chain_iptm": [
        0.3001904785633087,
        0.3001904785633087
    ],
    "chain_pair_iptm": [
        [
            0.0,
            0.3001904785633087
        ],
        [
            0.3001904785633087,
            0.0
        ]
    ],
    "chain_pair_iptm_global": [
        [
            0.0,
            0.3001904785633087
        ],
        [
            0.3001904785633087,
            0.0
        ]
    ],
    "chain_plddt": [
        0.54296875,
        0.7421875
    ],
    "chain_pair_plddt": [
        [
            0.0,
            0.67578125
        ],
        [
            0.67578125,
            0.0
        ]
    ],
    "has_clash": false,
    "disorder": 0.0,
    "ranking_score": 0.3158341944217682,
    "num_recycles": 12
}