{
    "plddt": 67.5,
    "gpde": 3.1926636695861816,
    "ptm": 0.3715856969356537,
    "iptm": 0.2926609218120575,
    "chain_ptm": [
        0.4063127636909485,
        0.32396888732910156
    ],
    "chain_iptm": [
        0.2926609218120575,
        0.2926609218120575
    ],
    "chain_pair_iptm": [
        [
            0.0,
            0.2926609218120575
        ],
        [
            0.2926609218120575,
            0.0
        ]
    ],
    "chain_pair_iptm_global": [
        [
            0.0,
            0.2926609218120575
        ],
        [
            0.2926609218120575,
            0.0
        ]
    ],
    "chain_plddt": [
        0.54296875,
        0.7421875
    ],
    "chain_pair_plddt": [
        [
            0.0,
            0.67578125
        ],
        [
            0.67578125,
            0.0
        ]
    ],
    "has_clash": false,
    "disorder": 0.0,
    "ranking_score": 0.30844587087631226,
    "num_recycles": 12
}