{
    "plddt": 67.0,
    "gpde": 3.257091522216797,
    "ptm": 0.33135566115379333,
    "iptm": 0.20182755589485168,
    "chain_ptm": [
        0.41819149255752563,
        0.22638700902462006
    ],
    "chain_iptm": [
        0.20182755589485168,
        0.20182755589485168
    ],
    "chain_pair_iptm": [
        [
            0.0,
            0.20182755589485168
        ],
        [
            0.20182755589485168,
            0.0
        ]
    ],
    "chain_pair_iptm_global": [
        [
            0.0,
            0.20182755589485168
        ],
        [
            0.20182755589485168,
            0.0
        ]
    ],
    "chain_plddt": [
        0.54296875,
        0.73046875
    ],
    "chain_pair_plddt": [
        [
            0.0,
            0.66796875
        ],
        [
            0.66796875,
            0.0
        ]
    ],
    "has_clash": false,
    "disorder": 0.0,
    "ranking_score": 0.22773319482803345,
    "num_recycles": 12
}