{
    "plddt": 68.5,
    "gpde": 3.0749588012695312,
    "ptm": 0.4015064835548401,
    "iptm": 0.33223503828048706,
    "chain_ptm": [
        0.4199509918689728,
        0.3330749571323395
    ],
    "chain_iptm": [
        0.33223503828048706,
        0.33223503828048706
    ],
    "chain_pair_iptm": [
        [
            0.0,
            0.33223503828048706
        ],
        [
            0.33223503828048706,
            0.0
        ]
    ],
    "chain_pair_iptm_global": [
        [
            0.0,
            0.33223503828048706
        ],
        [
            0.33223503828048706,
            0.0
        ]
    ],
    "chain_plddt": [
        0.546875,
        0.75390625
    ],
    "chain_pair_plddt": [
        [
            0.0,
            0.68359375
        ],
        [
            0.68359375,
            0.0
        ]
    ],
    "has_clash": false,
    "disorder": 0.0,
    "ranking_score": 0.34608936309814453,
    "num_recycles": 12
}