{
    "plddt": 60.5,
    "gpde": 3.48640513420105,
    "ptm": 0.26832038164138794,
    "iptm": 0.23288193345069885,
    "chain_ptm": [
        0.2616909146308899,
        0.22701488435268402
    ],
    "chain_iptm": [
        0.23288193345069885,
        0.23288193345069885
    ],
    "chain_pair_iptm": [
        [
            0.0,
            0.23288193345069885
        ],
        [
            0.23288193345069885,
            0.0
        ]
    ],
    "chain_pair_iptm_global": [
        [
            0.0,
            0.23288193345069885
        ],
        [
            0.23288193345069885,
            0.0
        ]
    ],
    "chain_plddt": [
        0.478515625,
        0.703125
    ],
    "chain_pair_plddt": [
        [
            0.0,
            0.60546875
        ],
        [
            0.60546875,
            0.0
        ]
    ],
    "has_clash": false,
    "disorder": 0.0,
    "ranking_score": 0.2399696260690689,
    "num_recycles": 12
}