{
    "plddt": 61.0,
    "gpde": 3.2642557621002197,
    "ptm": 0.2657702565193176,
    "iptm": 0.20907261967658997,
    "chain_ptm": [
        0.270857572555542,
        0.2667544186115265
    ],
    "chain_iptm": [
        0.20907261967658997,
        0.20907261967658997
    ],
    "chain_pair_iptm": [
        [
            0.0,
            0.20907261967658997
        ],
        [
            0.20907261967658997,
            0.0
        ]
    ],
    "chain_pair_iptm_global": [
        [
            0.0,
            0.20907261967658997
        ],
        [
            0.20907261967658997,
            0.0
        ]
    ],
    "chain_plddt": [
        0.4921875,
        0.69921875
    ],
    "chain_pair_plddt": [
        [
            0.0,
            0.609375
        ],
        [
            0.609375,
            0.0
        ]
    ],
    "has_clash": false,
    "disorder": 0.0,
    "ranking_score": 0.22041215002536774,
    "num_recycles": 12
}