{
    "plddt": 61.0,
    "gpde": 3.3967974185943604,
    "ptm": 0.2675188481807709,
    "iptm": 0.23401741683483124,
    "chain_ptm": [
        0.2601081430912018,
        0.2156500369310379
    ],
    "chain_iptm": [
        0.23401741683483124,
        0.23401741683483124
    ],
    "chain_pair_iptm": [
        [
            0.0,
            0.23401741683483124
        ],
        [
            0.23401741683483124,
            0.0
        ]
    ],
    "chain_pair_iptm_global": [
        [
            0.0,
            0.23401741683483124
        ],
        [
            0.23401741683483124,
            0.0
        ]
    ],
    "chain_plddt": [
        0.482421875,
        0.703125
    ],
    "chain_pair_plddt": [
        [
            0.0,
            0.609375
        ],
        [
            0.609375,
            0.0
        ]
    ],
    "has_clash": false,
    "disorder": 0.0,
    "ranking_score": 0.24071770906448364,
    "num_recycles": 12
}