{
    "plddt": 60.5,
    "gpde": 3.3895769119262695,
    "ptm": 0.2755667269229889,
    "iptm": 0.25669553875923157,
    "chain_ptm": [
        0.2598396837711334,
        0.250125527381897
    ],
    "chain_iptm": [
        0.25669553875923157,
        0.25669553875923157
    ],
    "chain_pair_iptm": [
        [
            0.0,
            0.25669553875923157
        ],
        [
            0.25669553875923157,
            0.0
        ]
    ],
    "chain_pair_iptm_global": [
        [
            0.0,
            0.25669553875923157
        ],
        [
            0.25669553875923157,
            0.0
        ]
    ],
    "chain_plddt": [
        0.48828125,
        0.6953125
    ],
    "chain_pair_plddt": [
        [
            0.0,
            0.60546875
        ],
        [
            0.60546875,
            0.0
        ]
    ],
    "has_clash": false,
    "disorder": 0.0,
    "ranking_score": 0.26046979427337646,
    "num_recycles": 12
}