{
    "plddt": 60.25,
    "gpde": 3.4634809494018555,
    "ptm": 0.3102788031101227,
    "iptm": 0.3103888928890228,
    "chain_ptm": [
        0.28483811020851135,
        0.25791382789611816
    ],
    "chain_iptm": [
        0.3103888928890228,
        0.3103888928890228
    ],
    "chain_pair_iptm": [
        [
            0.0,
            0.3103888928890228
        ],
        [
            0.3103888928890228,
            0.0
        ]
    ],
    "chain_pair_iptm_global": [
        [
            0.0,
            0.3103888928890228
        ],
        [
            0.3103888928890228,
            0.0
        ]
    ],
    "chain_plddt": [
        0.478515625,
        0.6953125
    ],
    "chain_pair_plddt": [
        [
            0.0,
            0.6015625
        ],
        [
            0.6015625,
            0.0
        ]
    ],
    "has_clash": false,
    "disorder": 0.0,
    "ranking_score": 0.3103668689727783,
    "num_recycles": 12
}