{
    "plddt": 61.25,
    "gpde": 2.029249429702759,
    "ptm": 0.3348928987979889,
    "iptm": 0.34618881344795227,
    "chain_ptm": [
        0.4677601158618927,
        0.20288173854351044
    ],
    "chain_iptm": [
        0.34618881344795227,
        0.34618881344795227
    ],
    "chain_pair_iptm": [
        [
            0.0,
            0.34618881344795227
        ],
        [
            0.34618881344795227,
            0.0
        ]
    ],
    "chain_pair_iptm_global": [
        [
            0.0,
            0.34618881344795227
        ],
        [
            0.34618881344795227,
            0.0
        ]
    ],
    "chain_plddt": [
        0.5625,
        0.62890625
    ],
    "chain_pair_plddt": [
        [
            0.0,
            0.61328125
        ],
        [
            0.61328125,
            0.0
        ]
    ],
    "has_clash": false,
    "disorder": 0.0,
    "ranking_score": 0.34392961859703064,
    "num_recycles": 8
}