{
    "plddt": 61.0,
    "gpde": 2.035536527633667,
    "ptm": 0.3299056589603424,
    "iptm": 0.3293868899345398,
    "chain_ptm": [
        0.4535394310951233,
        0.20052655041217804
    ],
    "chain_iptm": [
        0.3293868899345398,
        0.3293868899345398
    ],
    "chain_pair_iptm": [
        [
            0.0,
            0.3293868899345398
        ],
        [
            0.3293868899345398,
            0.0
        ]
    ],
    "chain_pair_iptm_global": [
        [
            0.0,
            0.3293868899345398
        ],
        [
            0.3293868899345398,
            0.0
        ]
    ],
    "chain_plddt": [
        0.5546875,
        0.62890625
    ],
    "chain_pair_plddt": [
        [
            0.0,
            0.609375
        ],
        [
            0.609375,
            0.0
        ]
    ],
    "has_clash": true,
    "disorder": 0.0,
    "ranking_score": -99.6705093383789,
    "num_recycles": 8
}