{
    "plddt": 61.0,
    "gpde": 2.100649356842041,
    "ptm": 0.3048694431781769,
    "iptm": 0.29394209384918213,
    "chain_ptm": [
        0.455192893743515,
        0.17679665982723236
    ],
    "chain_iptm": [
        0.29394209384918213,
        0.29394209384918213
    ],
    "chain_pair_iptm": [
        [
            0.0,
            0.29394209384918213
        ],
        [
            0.29394209384918213,
            0.0
        ]
    ],
    "chain_pair_iptm_global": [
        [
            0.0,
            0.29394209384918213
        ],
        [
            0.29394209384918213,
            0.0
        ]
    ],
    "chain_plddt": [
        0.56640625,
        0.62109375
    ],
    "chain_pair_plddt": [
        [
            0.0,
            0.609375
        ],
        [
            0.609375,
            0.0
        ]
    ],
    "has_clash": false,
    "disorder": 0.0,
    "ranking_score": 0.2961275577545166,
    "num_recycles": 8
}