{
    "plddt": 61.0,
    "gpde": 2.0059659481048584,
    "ptm": 0.33539456129074097,
    "iptm": 0.38885772228240967,
    "chain_ptm": [
        0.4759658873081207,
        0.19520249962806702
    ],
    "chain_iptm": [
        0.38885772228240967,
        0.38885772228240967
    ],
    "chain_pair_iptm": [
        [
            0.0,
            0.38885772228240967
        ],
        [
            0.38885772228240967,
            0.0
        ]
    ],
    "chain_pair_iptm_global": [
        [
            0.0,
            0.38885772228240967
        ],
        [
            0.38885772228240967,
            0.0
        ]
    ],
    "chain_plddt": [
        0.5625,
        0.625
    ],
    "chain_pair_plddt": [
        [
            0.0,
            0.609375
        ],
        [
            0.609375,
            0.0
        ]
    ],
    "has_clash": false,
    "disorder": 0.0,
    "ranking_score": 0.3781650960445404,
    "num_recycles": 8
}