{
    "plddt": 61.0,
    "gpde": 2.101804256439209,
    "ptm": 0.31777775287628174,
    "iptm": 0.2524190843105316,
    "chain_ptm": [
        0.4615735113620758,
        0.15860295295715332
    ],
    "chain_iptm": [
        0.2524190843105316,
        0.2524190843105316
    ],
    "chain_pair_iptm": [
        [
            0.0,
            0.2524190843105316
        ],
        [
            0.2524190843105316,
            0.0
        ]
    ],
    "chain_pair_iptm_global": [
        [
            0.0,
            0.2524190843105316
        ],
        [
            0.2524190843105316,
            0.0
        ]
    ],
    "chain_plddt": [
        0.5546875,
        0.625
    ],
    "chain_pair_plddt": [
        [
            0.0,
            0.609375
        ],
        [
            0.609375,
            0.0
        ]
    ],
    "has_clash": false,
    "disorder": 0.0,
    "ranking_score": 0.2654908299446106,
    "num_recycles": 8
}