{
    "plddt": 60.5,
    "gpde": 3.246548652648926,
    "ptm": 0.2848580479621887,
    "iptm": 0.26050055027008057,
    "chain_ptm": [
        0.2714379131793976,
        0.23007868230342865
    ],
    "chain_iptm": [
        0.26050055027008057,
        0.26050055027008057
    ],
    "chain_pair_iptm": [
        [
            0.0,
            0.26050055027008057
        ],
        [
            0.26050055027008057,
            0.0
        ]
    ],
    "chain_pair_iptm_global": [
        [
            0.0,
            0.26050055027008057
        ],
        [
            0.26050055027008057,
            0.0
        ]
    ],
    "chain_plddt": [
        0.470703125,
        0.703125
    ],
    "chain_pair_plddt": [
        [
            0.0,
            0.60546875
        ],
        [
            0.60546875,
            0.0
        ]
    ],
    "has_clash": false,
    "disorder": 0.0,
    "ranking_score": 0.26537203788757324,
    "num_recycles": 8
}