{
    "plddt": 60.5,
    "gpde": 3.321068048477173,
    "ptm": 0.2716050148010254,
    "iptm": 0.24482756853103638,
    "chain_ptm": [
        0.26061251759529114,
        0.23405706882476807
    ],
    "chain_iptm": [
        0.24482756853103638,
        0.24482756853103638
    ],
    "chain_pair_iptm": [
        [
            0.0,
            0.24482756853103638
        ],
        [
            0.24482756853103638,
            0.0
        ]
    ],
    "chain_pair_iptm_global": [
        [
            0.0,
            0.24482756853103638
        ],
        [
            0.24482756853103638,
            0.0
        ]
    ],
    "chain_plddt": [
        0.482421875,
        0.6953125
    ],
    "chain_pair_plddt": [
        [
            0.0,
            0.60546875
        ],
        [
            0.60546875,
            0.0
        ]
    ],
    "has_clash": false,
    "disorder": 0.0,
    "ranking_score": 0.2501830458641052,
    "num_recycles": 8
}