{
    "plddt": 59.5,
    "gpde": 3.1407415866851807,
    "ptm": 0.2813466191291809,
    "iptm": 0.18211549520492554,
    "chain_ptm": [
        0.31149476766586304,
        0.18853864073753357
    ],
    "chain_iptm": [
        0.18211549520492554,
        0.18211549520492554
    ],
    "chain_pair_iptm": [
        [
            0.0,
            0.18211549520492554
        ],
        [
            0.18211549520492554,
            0.0
        ]
    ],
    "chain_pair_iptm_global": [
        [
            0.0,
            0.18211549520492554
        ],
        [
            0.18211549520492554,
            0.0
        ]
    ],
    "chain_plddt": [
        0.462890625,
        0.6953125
    ],
    "chain_pair_plddt": [
        [
            0.0,
            0.59375
        ],
        [
            0.59375,
            0.0
        ]
    ],
    "has_clash": false,
    "disorder": 0.0,
    "ranking_score": 0.2019617259502411,
    "num_recycles": 8
}