{
    "plddt": 59.5,
    "gpde": 3.3130362033843994,
    "ptm": 0.2641759216785431,
    "iptm": 0.19858747720718384,
    "chain_ptm": [
        0.2727568745613098,
        0.24230115115642548
    ],
    "chain_iptm": [
        0.19858747720718384,
        0.19858747720718384
    ],
    "chain_pair_iptm": [
        [
            0.0,
            0.19858747720718384
        ],
        [
            0.19858747720718384,
            0.0
        ]
    ],
    "chain_pair_iptm_global": [
        [
            0.0,
            0.19858747720718384
        ],
        [
            0.19858747720718384,
            0.0
        ]
    ],
    "chain_plddt": [
        0.48046875,
        0.68359375
    ],
    "chain_pair_plddt": [
        [
            0.0,
            0.59375
        ],
        [
            0.59375,
            0.0
        ]
    ],
    "has_clash": false,
    "disorder": 0.0,
    "ranking_score": 0.21170516312122345,
    "num_recycles": 8
}