{
    "plddt": 60.25,
    "gpde": 3.1660869121551514,
    "ptm": 0.34036609530448914,
    "iptm": 0.2590840458869934,
    "chain_ptm": [
        0.35640090703964233,
        0.22153694927692413
    ],
    "chain_iptm": [
        0.2590840458869934,
        0.2590840458869934
    ],
    "chain_pair_iptm": [
        [
            0.0,
            0.2590840458869934
        ],
        [
            0.2590840458869934,
            0.0
        ]
    ],
    "chain_pair_iptm_global": [
        [
            0.0,
            0.2590840458869934
        ],
        [
            0.2590840458869934,
            0.0
        ]
    ],
    "chain_plddt": [
        0.47265625,
        0.69921875
    ],
    "chain_pair_plddt": [
        [
            0.0,
            0.6015625
        ],
        [
            0.6015625,
            0.0
        ]
    ],
    "has_clash": false,
    "disorder": 0.0,
    "ranking_score": 0.2753404676914215,
    "num_recycles": 8
}