{
    "plddt": 69.0,
    "gpde": 2.126126289367676,
    "ptm": 0.4822147786617279,
    "iptm": 0.4439322352409363,
    "chain_ptm": [
        0.5352836847305298,
        0.3138909637928009
    ],
    "chain_iptm": [
        0.4439322352409363,
        0.4439322352409363
    ],
    "chain_pair_iptm": [
        [
            0.0,
            0.4439322352409363
        ],
        [
            0.4439322352409363,
            0.0
        ]
    ],
    "chain_pair_iptm_global": [
        [
            0.0,
            0.4439322352409363
        ],
        [
            0.4439322352409363,
            0.0
        ]
    ],
    "chain_plddt": [
        0.62109375,
        0.734375
    ],
    "chain_pair_plddt": [
        [
            0.0,
            0.6875
        ],
        [
            0.6875,
            0.0
        ]
    ],
    "has_clash": false,
    "disorder": 0.0,
    "ranking_score": 0.4515887498855591,
    "num_recycles": 8
}