{
    "plddt": 70.5,
    "gpde": 1.9194589853286743,
    "ptm": 0.5502568483352661,
    "iptm": 0.5216215252876282,
    "chain_ptm": [
        0.575232744216919,
        0.34413376450538635
    ],
    "chain_iptm": [
        0.5216215252876282,
        0.5216215252876282
    ],
    "chain_pair_iptm": [
        [
            0.0,
            0.5216215252876282
        ],
        [
            0.5216215252876282,
            0.0
        ]
    ],
    "chain_pair_iptm_global": [
        [
            0.0,
            0.5216215252876282
        ],
        [
            0.5216215252876282,
            0.0
        ]
    ],
    "chain_plddt": [
        0.640625,
        0.75390625
    ],
    "chain_pair_plddt": [
        [
            0.0,
            0.70703125
        ],
        [
            0.70703125,
            0.0
        ]
    ],
    "has_clash": false,
    "disorder": 0.0,
    "ranking_score": 0.5273485779762268,
    "num_recycles": 8
}