{
    "plddt": 69.5,
    "gpde": 1.946567416191101,
    "ptm": 0.5308619141578674,
    "iptm": 0.4822710156440735,
    "chain_ptm": [
        0.55083167552948,
        0.3391544818878174
    ],
    "chain_iptm": [
        0.4822710156440735,
        0.4822710156440735
    ],
    "chain_pair_iptm": [
        [
            0.0,
            0.4822710156440735
        ],
        [
            0.4822710156440735,
            0.0
        ]
    ],
    "chain_pair_iptm_global": [
        [
            0.0,
            0.4822710156440735
        ],
        [
            0.4822710156440735,
            0.0
        ]
    ],
    "chain_plddt": [
        0.6328125,
        0.734375
    ],
    "chain_pair_plddt": [
        [
            0.0,
            0.6953125
        ],
        [
            0.6953125,
            0.0
        ]
    ],
    "has_clash": false,
    "disorder": 0.0,
    "ranking_score": 0.4919891953468323,
    "num_recycles": 8
}