{
    "plddt": 68.0,
    "gpde": 2.1050422191619873,
    "ptm": 0.45882490277290344,
    "iptm": 0.3859277367591858,
    "chain_ptm": [
        0.523286759853363,
        0.22586722671985626
    ],
    "chain_iptm": [
        0.3859277367591858,
        0.3859277367591858
    ],
    "chain_pair_iptm": [
        [
            0.0,
            0.3859277367591858
        ],
        [
            0.3859277367591858,
            0.0
        ]
    ],
    "chain_pair_iptm_global": [
        [
            0.0,
            0.3859277367591858
        ],
        [
            0.3859277367591858,
            0.0
        ]
    ],
    "chain_plddt": [
        0.61328125,
        0.72265625
    ],
    "chain_pair_plddt": [
        [
            0.0,
            0.6796875
        ],
        [
            0.6796875,
            0.0
        ]
    ],
    "has_clash": false,
    "disorder": 0.0,
    "ranking_score": 0.4005071818828583,
    "num_recycles": 8
}