{
    "plddt": 69.5,
    "gpde": 1.8125427961349487,
    "ptm": 0.5806036591529846,
    "iptm": 0.5696020722389221,
    "chain_ptm": [
        0.572880744934082,
        0.4403672516345978
    ],
    "chain_iptm": [
        0.5696020722389221,
        0.5696020722389221
    ],
    "chain_pair_iptm": [
        [
            0.0,
            0.5696020722389221
        ],
        [
            0.5696020722389221,
            0.0
        ]
    ],
    "chain_pair_iptm_global": [
        [
            0.0,
            0.5696020722389221
        ],
        [
            0.5696020722389221,
            0.0
        ]
    ],
    "chain_plddt": [
        0.6171875,
        0.75
    ],
    "chain_pair_plddt": [
        [
            0.0,
            0.6953125
        ],
        [
            0.6953125,
            0.0
        ]
    ],
    "has_clash": false,
    "disorder": 0.0,
    "ranking_score": 0.5718023777008057,
    "num_recycles": 8
}