{
    "plddt": 63.25,
    "gpde": 2.6674904823303223,
    "ptm": 0.2614540457725525,
    "iptm": 0.1862531304359436,
    "chain_ptm": [
        0.3924800157546997,
        0.17143331468105316
    ],
    "chain_iptm": [
        0.1862531304359436,
        0.1862531304359436
    ],
    "chain_pair_iptm": [
        [
            0.0,
            0.1862531304359436
        ],
        [
            0.1862531304359436,
            0.0
        ]
    ],
    "chain_pair_iptm_global": [
        [
            0.0,
            0.1862531304359436
        ],
        [
            0.1862531304359436,
            0.0
        ]
    ],
    "chain_plddt": [
        0.5078125,
        0.66796875
    ],
    "chain_pair_plddt": [
        [
            0.0,
            0.6328125
        ],
        [
            0.6328125,
            0.0
        ]
    ],
    "has_clash": false,
    "disorder": 0.0,
    "ranking_score": 0.20129331946372986,
    "num_recycles": 12
}