{
    "plddt": 70.0,
    "gpde": 2.0301315784454346,
    "ptm": 0.5070741772651672,
    "iptm": 0.49242040514945984,
    "chain_ptm": [
        0.5684903860092163,
        0.3073606491088867
    ],
    "chain_iptm": [
        0.49242040514945984,
        0.49242040514945984
    ],
    "chain_pair_iptm": [
        [
            0.0,
            0.49242040514945984
        ],
        [
            0.49242040514945984,
            0.0
        ]
    ],
    "chain_pair_iptm_global": [
        [
            0.0,
            0.49242040514945984
        ],
        [
            0.49242040514945984,
            0.0
        ]
    ],
    "chain_plddt": [
        0.6328125,
        0.74609375
    ],
    "chain_pair_plddt": [
        [
            0.0,
            0.69921875
        ],
        [
            0.69921875,
            0.0
        ]
    ],
    "has_clash": false,
    "disorder": 0.0,
    "ranking_score": 0.4953511655330658,
    "num_recycles": 12
}