{
    "plddt": 68.0,
    "gpde": 2.1305816173553467,
    "ptm": 0.4782288670539856,
    "iptm": 0.4094928801059723,
    "chain_ptm": [
        0.5258435010910034,
        0.26133397221565247
    ],
    "chain_iptm": [
        0.4094928801059723,
        0.4094928801059723
    ],
    "chain_pair_iptm": [
        [
            0.0,
            0.4094928801059723
        ],
        [
            0.4094928801059723,
            0.0
        ]
    ],
    "chain_pair_iptm_global": [
        [
            0.0,
            0.4094928801059723
        ],
        [
            0.4094928801059723,
            0.0
        ]
    ],
    "chain_plddt": [
        0.609375,
        0.73046875
    ],
    "chain_pair_plddt": [
        [
            0.0,
            0.6796875
        ],
        [
            0.6796875,
            0.0
        ]
    ],
    "has_clash": false,
    "disorder": 0.0,
    "ranking_score": 0.4232400953769684,
    "num_recycles": 12
}