{
    "plddt": 69.0,
    "gpde": 1.8974900245666504,
    "ptm": 0.5399116277694702,
    "iptm": 0.48516562581062317,
    "chain_ptm": [
        0.5484893918037415,
        0.3380754292011261
    ],
    "chain_iptm": [
        0.48516562581062317,
        0.48516562581062317
    ],
    "chain_pair_iptm": [
        [
            0.0,
            0.48516562581062317
        ],
        [
            0.48516562581062317,
            0.0
        ]
    ],
    "chain_pair_iptm_global": [
        [
            0.0,
            0.48516562581062317
        ],
        [
            0.48516562581062317,
            0.0
        ]
    ],
    "chain_plddt": [
        0.6171875,
        0.73828125
    ],
    "chain_pair_plddt": [
        [
            0.0,
            0.6875
        ],
        [
            0.6875,
            0.0
        ]
    ],
    "has_clash": false,
    "disorder": 0.0,
    "ranking_score": 0.4961148500442505,
    "num_recycles": 12
}