{
    "plddt": 69.0,
    "gpde": 2.2195162773132324,
    "ptm": 0.44611856341362,
    "iptm": 0.35349082946777344,
    "chain_ptm": [
        0.4997929632663727,
        0.2699439823627472
    ],
    "chain_iptm": [
        0.35349082946777344,
        0.35349082946777344
    ],
    "chain_pair_iptm": [
        [
            0.0,
            0.35349082946777344
        ],
        [
            0.35349082946777344,
            0.0
        ]
    ],
    "chain_pair_iptm_global": [
        [
            0.0,
            0.35349082946777344
        ],
        [
            0.35349082946777344,
            0.0
        ]
    ],
    "chain_plddt": [
        0.61328125,
        0.73828125
    ],
    "chain_pair_plddt": [
        [
            0.0,
            0.6875
        ],
        [
            0.6875,
            0.0
        ]
    ],
    "has_clash": false,
    "disorder": 0.0,
    "ranking_score": 0.37201637029647827,
    "num_recycles": 12
}