{
    "plddt": 61.75,
    "gpde": 3.3375637531280518,
    "ptm": 0.26193180680274963,
    "iptm": 0.21878790855407715,
    "chain_ptm": [
        0.25899162888526917,
        0.21930307149887085
    ],
    "chain_iptm": [
        0.21878790855407715,
        0.21878790855407715
    ],
    "chain_pair_iptm": [
        [
            0.0,
            0.21878790855407715
        ],
        [
            0.21878790855407715,
            0.0
        ]
    ],
    "chain_pair_iptm_global": [
        [
            0.0,
            0.21878790855407715
        ],
        [
            0.21878790855407715,
            0.0
        ]
    ],
    "chain_plddt": [
        0.466796875,
        0.7265625
    ],
    "chain_pair_plddt": [
        [
            0.0,
            0.6171875
        ],
        [
            0.6171875,
            0.0
        ]
    ],
    "has_clash": false,
    "disorder": 0.0,
    "ranking_score": 0.22741669416427612,
    "num_recycles": 12
}