{
    "plddt": 62.0,
    "gpde": 2.9564175605773926,
    "ptm": 0.31284675002098083,
    "iptm": 0.2351059764623642,
    "chain_ptm": [
        0.3264758586883545,
        0.2295117974281311
    ],
    "chain_iptm": [
        0.2351059764623642,
        0.2351059764623642
    ],
    "chain_pair_iptm": [
        [
            0.0,
            0.2351059764623642
        ],
        [
            0.2351059764623642,
            0.0
        ]
    ],
    "chain_pair_iptm_global": [
        [
            0.0,
            0.2351059764623642
        ],
        [
            0.2351059764623642,
            0.0
        ]
    ],
    "chain_plddt": [
        0.46484375,
        0.734375
    ],
    "chain_pair_plddt": [
        [
            0.0,
            0.62109375
        ],
        [
            0.62109375,
            0.0
        ]
    ],
    "has_clash": false,
    "disorder": 0.0,
    "ranking_score": 0.2506541311740875,
    "num_recycles": 12
}