{
    "plddt": 62.0,
    "gpde": 3.2899787425994873,
    "ptm": 0.2510899603366852,
    "iptm": 0.18554258346557617,
    "chain_ptm": [
        0.2616962194442749,
        0.25083744525909424
    ],
    "chain_iptm": [
        0.18554258346557617,
        0.18554258346557617
    ],
    "chain_pair_iptm": [
        [
            0.0,
            0.18554258346557617
        ],
        [
            0.18554258346557617,
            0.0
        ]
    ],
    "chain_pair_iptm_global": [
        [
            0.0,
            0.18554258346557617
        ],
        [
            0.18554258346557617,
            0.0
        ]
    ],
    "chain_plddt": [
        0.484375,
        0.71875
    ],
    "chain_pair_plddt": [
        [
            0.0,
            0.62109375
        ],
        [
            0.62109375,
            0.0
        ]
    ],
    "has_clash": false,
    "disorder": 0.0,
    "ranking_score": 0.19865205883979797,
    "num_recycles": 12
}