{
    "plddt": 63.75,
    "gpde": 2.164111614227295,
    "ptm": 0.3507869839668274,
    "iptm": 0.3592742681503296,
    "chain_ptm": [
        0.49820053577423096,
        0.1661912351846695
    ],
    "chain_iptm": [
        0.3592742681503296,
        0.3592742681503296
    ],
    "chain_pair_iptm": [
        [
            0.0,
            0.3592742681503296
        ],
        [
            0.3592742681503296,
            0.0
        ]
    ],
    "chain_pair_iptm_global": [
        [
            0.0,
            0.3592742681503296
        ],
        [
            0.3592742681503296,
            0.0
        ]
    ],
    "chain_plddt": [
        0.578125,
        0.66015625
    ],
    "chain_pair_plddt": [
        [
            0.0,
            0.63671875
        ],
        [
            0.63671875,
            0.0
        ]
    ],
    "has_clash": false,
    "disorder": 0.0,
    "ranking_score": 0.35757681727409363,
    "num_recycles": 12
}