{
    "plddt": 62.5,
    "gpde": 2.1573219299316406,
    "ptm": 0.3669935166835785,
    "iptm": 0.3630470931529999,
    "chain_ptm": [
        0.4957747757434845,
        0.19565549492835999
    ],
    "chain_iptm": [
        0.3630470931529999,
        0.3630470931529999
    ],
    "chain_pair_iptm": [
        [
            0.0,
            0.3630470931529999
        ],
        [
            0.3630470931529999,
            0.0
        ]
    ],
    "chain_pair_iptm_global": [
        [
            0.0,
            0.3630470931529999
        ],
        [
            0.3630470931529999,
            0.0
        ]
    ],
    "chain_plddt": [
        0.55078125,
        0.65234375
    ],
    "chain_pair_plddt": [
        [
            0.0,
            0.625
        ],
        [
            0.625,
            0.0
        ]
    ],
    "has_clash": false,
    "disorder": 0.0,
    "ranking_score": 0.3638363778591156,
    "num_recycles": 12
}