{
    "plddt": 62.0,
    "gpde": 2.2286665439605713,
    "ptm": 0.32311415672302246,
    "iptm": 0.22054070234298706,
    "chain_ptm": [
        0.4420364797115326,
        0.16979201138019562
    ],
    "chain_iptm": [
        0.22054070234298706,
        0.22054070234298706
    ],
    "chain_pair_iptm": [
        [
            0.0,
            0.22054070234298706
        ],
        [
            0.22054070234298706,
            0.0
        ]
    ],
    "chain_pair_iptm_global": [
        [
            0.0,
            0.22054070234298706
        ],
        [
            0.22054070234298706,
            0.0
        ]
    ],
    "chain_plddt": [
        0.5546875,
        0.6484375
    ],
    "chain_pair_plddt": [
        [
            0.0,
            0.62109375
        ],
        [
            0.62109375,
            0.0
        ]
    ],
    "has_clash": false,
    "disorder": 0.0,
    "ranking_score": 0.24105539917945862,
    "num_recycles": 12
}