{
    "plddt": 60.5,
    "gpde": 3.315199375152588,
    "ptm": 0.2648627460002899,
    "iptm": 0.2282744199037552,
    "chain_ptm": [
        0.2600429356098175,
        0.25628387928009033
    ],
    "chain_iptm": [
        0.2282744199037552,
        0.2282744199037552
    ],
    "chain_pair_iptm": [
        [
            0.0,
            0.2282744199037552
        ],
        [
            0.2282744199037552,
            0.0
        ]
    ],
    "chain_pair_iptm_global": [
        [
            0.0,
            0.2282744199037552
        ],
        [
            0.2282744199037552,
            0.0
        ]
    ],
    "chain_plddt": [
        0.484375,
        0.69921875
    ],
    "chain_pair_plddt": [
        [
            0.0,
            0.60546875
        ],
        [
            0.60546875,
            0.0
        ]
    ],
    "has_clash": false,
    "disorder": 0.0,
    "ranking_score": 0.2355920970439911,
    "num_recycles": 12
}