{
    "plddt": 60.25,
    "gpde": 3.2455360889434814,
    "ptm": 0.29090583324432373,
    "iptm": 0.274426132440567,
    "chain_ptm": [
        0.2735021710395813,
        0.25376495718955994
    ],
    "chain_iptm": [
        0.274426132440567,
        0.274426132440567
    ],
    "chain_pair_iptm": [
        [
            0.0,
            0.274426132440567
        ],
        [
            0.274426132440567,
            0.0
        ]
    ],
    "chain_pair_iptm_global": [
        [
            0.0,
            0.274426132440567
        ],
        [
            0.274426132440567,
            0.0
        ]
    ],
    "chain_plddt": [
        0.474609375,
        0.69921875
    ],
    "chain_pair_plddt": [
        [
            0.0,
            0.6015625
        ],
        [
            0.6015625,
            0.0
        ]
    ],
    "has_clash": false,
    "disorder": 0.0,
    "ranking_score": 0.2777220606803894,
    "num_recycles": 12
}