{
    "plddt": 58.25,
    "gpde": 2.829617500305176,
    "ptm": 0.22101399302482605,
    "iptm": 0.14503610134124756,
    "chain_ptm": [
        0.2505342662334442,
        0.1725904941558838
    ],
    "chain_iptm": [
        0.14503610134124756,
        0.14503610134124756
    ],
    "chain_pair_iptm": [
        [
            0.0,
            0.14503610134124756
        ],
        [
            0.14503610134124756,
            0.0
        ]
    ],
    "chain_pair_iptm_global": [
        [
            0.0,
            0.14503610134124756
        ],
        [
            0.14503610134124756,
            0.0
        ]
    ],
    "chain_plddt": [
        0.466796875,
        0.62890625
    ],
    "chain_pair_plddt": [
        [
            0.0,
            0.58203125
        ],
        [
            0.58203125,
            0.0
        ]
    ],
    "has_clash": false,
    "disorder": 0.0,
    "ranking_score": 0.16023167967796326,
    "num_recycles": 12
}