{
    "plddt": 58.25,
    "gpde": 2.850358486175537,
    "ptm": 0.2294326275587082,
    "iptm": 0.17591561377048492,
    "chain_ptm": [
        0.25651106238365173,
        0.16967202723026276
    ],
    "chain_iptm": [
        0.17591561377048492,
        0.17591561377048492
    ],
    "chain_pair_iptm": [
        [
            0.0,
            0.17591561377048492
        ],
        [
            0.17591561377048492,
            0.0
        ]
    ],
    "chain_pair_iptm_global": [
        [
            0.0,
            0.17591561377048492
        ],
        [
            0.17591561377048492,
            0.0
        ]
    ],
    "chain_plddt": [
        0.474609375,
        0.62890625
    ],
    "chain_pair_plddt": [
        [
            0.0,
            0.58203125
        ],
        [
            0.58203125,
            0.0
        ]
    ],
    "has_clash": false,
    "disorder": 0.0,
    "ranking_score": 0.18661902844905853,
    "num_recycles": 12
}