{
    "plddt": 65.0,
    "gpde": 2.4231903553009033,
    "ptm": 0.3718128204345703,
    "iptm": 0.38510939478874207,
    "chain_ptm": [
        0.4876490533351898,
        0.20258353650569916
    ],
    "chain_iptm": [
        0.38510939478874207,
        0.38510939478874207
    ],
    "chain_pair_iptm": [
        [
            0.0,
            0.38510939478874207
        ],
        [
            0.38510939478874207,
            0.0
        ]
    ],
    "chain_pair_iptm_global": [
        [
            0.0,
            0.38510939478874207
        ],
        [
            0.38510939478874207,
            0.0
        ]
    ],
    "chain_plddt": [
        0.5859375,
        0.6796875
    ],
    "chain_pair_plddt": [
        [
            0.0,
            0.65234375
        ],
        [
            0.65234375,
            0.0
        ]
    ],
    "has_clash": false,
    "disorder": 0.0,
    "ranking_score": 0.3824501037597656,
    "num_recycles": 12
}