{
    "plddt": 66.0,
    "gpde": 2.3338871002197266,
    "ptm": 0.42628535628318787,
    "iptm": 0.4263320565223694,
    "chain_ptm": [
        0.501715898513794,
        0.2487839013338089
    ],
    "chain_iptm": [
        0.4263320565223694,
        0.4263320565223694
    ],
    "chain_pair_iptm": [
        [
            0.0,
            0.4263320565223694
        ],
        [
            0.4263320565223694,
            0.0
        ]
    ],
    "chain_pair_iptm_global": [
        [
            0.0,
            0.4263320565223694
        ],
        [
            0.4263320565223694,
            0.0
        ]
    ],
    "chain_plddt": [
        0.59375,
        0.6875
    ],
    "chain_pair_plddt": [
        [
            0.0,
            0.66015625
        ],
        [
            0.66015625,
            0.0
        ]
    ],
    "has_clash": false,
    "disorder": 0.0,
    "ranking_score": 0.42632272839546204,
    "num_recycles": 12
}