{
    "plddt": 65.0,
    "gpde": 2.3259880542755127,
    "ptm": 0.3876989483833313,
    "iptm": 0.38172098994255066,
    "chain_ptm": [
        0.48439285159111023,
        0.24716027081012726
    ],
    "chain_iptm": [
        0.38172098994255066,
        0.38172098994255066
    ],
    "chain_pair_iptm": [
        [
            0.0,
            0.38172098994255066
        ],
        [
            0.38172098994255066,
            0.0
        ]
    ],
    "chain_pair_iptm_global": [
        [
            0.0,
            0.38172098994255066
        ],
        [
            0.38172098994255066,
            0.0
        ]
    ],
    "chain_plddt": [
        0.578125,
        0.68359375
    ],
    "chain_pair_plddt": [
        [
            0.0,
            0.65234375
        ],
        [
            0.65234375,
            0.0
        ]
    ],
    "has_clash": false,
    "disorder": 0.0,
    "ranking_score": 0.3829165995121002,
    "num_recycles": 12
}