{
    "plddt": 61.0,
    "gpde": 3.0423026084899902,
    "ptm": 0.2307722270488739,
    "iptm": 0.1610664576292038,
    "chain_ptm": [
        0.2523703873157501,
        0.18665780127048492
    ],
    "chain_iptm": [
        0.1610664576292038,
        0.1610664576292038
    ],
    "chain_pair_iptm": [
        [
            0.0,
            0.1610664576292038
        ],
        [
            0.1610664576292038,
            0.0
        ]
    ],
    "chain_pair_iptm_global": [
        [
            0.0,
            0.1610664576292038
        ],
        [
            0.1610664576292038,
            0.0
        ]
    ],
    "chain_plddt": [
        0.482421875,
        0.671875
    ],
    "chain_pair_plddt": [
        [
            0.0,
            0.609375
        ],
        [
            0.609375,
            0.0
        ]
    ],
    "has_clash": false,
    "disorder": 0.0,
    "ranking_score": 0.17500761151313782,
    "num_recycles": 12
}