{
    "plddt": 61.75,
    "gpde": 2.9700114727020264,
    "ptm": 0.22599539160728455,
    "iptm": 0.1581728607416153,
    "chain_ptm": [
        0.24916905164718628,
        0.1776360720396042
    ],
    "chain_iptm": [
        0.1581728607416153,
        0.1581728607416153
    ],
    "chain_pair_iptm": [
        [
            0.0,
            0.1581728607416153
        ],
        [
            0.1581728607416153,
            0.0
        ]
    ],
    "chain_pair_iptm_global": [
        [
            0.0,
            0.1581728607416153
        ],
        [
            0.1581728607416153,
            0.0
        ]
    ],
    "chain_plddt": [
        0.486328125,
        0.67578125
    ],
    "chain_pair_plddt": [
        [
            0.0,
            0.6171875
        ],
        [
            0.6171875,
            0.0
        ]
    ],
    "has_clash": false,
    "disorder": 0.0,
    "ranking_score": 0.17173737287521362,
    "num_recycles": 12
}