{
    "plddt": 61.75,
    "gpde": 3.0041098594665527,
    "ptm": 0.2339474856853485,
    "iptm": 0.17362119257450104,
    "chain_ptm": [
        0.24930377304553986,
        0.17686522006988525
    ],
    "chain_iptm": [
        0.17362119257450104,
        0.17362119257450104
    ],
    "chain_pair_iptm": [
        [
            0.0,
            0.17362119257450104
        ],
        [
            0.17362119257450104,
            0.0
        ]
    ],
    "chain_pair_iptm_global": [
        [
            0.0,
            0.17362119257450104
        ],
        [
            0.17362119257450104,
            0.0
        ]
    ],
    "chain_plddt": [
        0.482421875,
        0.6796875
    ],
    "chain_pair_plddt": [
        [
            0.0,
            0.6171875
        ],
        [
            0.6171875,
            0.0
        ]
    ],
    "has_clash": false,
    "disorder": 0.0,
    "ranking_score": 0.18568645417690277,
    "num_recycles": 12
}