{
    "plddt": 61.25,
    "gpde": 3.2642290592193604,
    "ptm": 0.2980252504348755,
    "iptm": 0.3233087956905365,
    "chain_ptm": [
        0.26018279790878296,
        0.28117504715919495
    ],
    "chain_iptm": [
        0.3233087956905365,
        0.3233087956905365
    ],
    "chain_pair_iptm": [
        [
            0.0,
            0.3233087956905365
        ],
        [
            0.3233087956905365,
            0.0
        ]
    ],
    "chain_pair_iptm_global": [
        [
            0.0,
            0.3233087956905365
        ],
        [
            0.3233087956905365,
            0.0
        ]
    ],
    "chain_plddt": [
        0.462890625,
        0.72265625
    ],
    "chain_pair_plddt": [
        [
            0.0,
            0.61328125
        ],
        [
            0.61328125,
            0.0
        ]
    ],
    "has_clash": false,
    "disorder": 0.0,
    "ranking_score": 0.3182521164417267,
    "num_recycles": 12
}