{
    "plddt": 62.5,
    "gpde": 3.233999252319336,
    "ptm": 0.25407516956329346,
    "iptm": 0.18676382303237915,
    "chain_ptm": [
        0.2642422616481781,
        0.27337580919265747
    ],
    "chain_iptm": [
        0.18676382303237915,
        0.18676382303237915
    ],
    "chain_pair_iptm": [
        [
            0.0,
            0.18676382303237915
        ],
        [
            0.18676382303237915,
            0.0
        ]
    ],
    "chain_pair_iptm_global": [
        [
            0.0,
            0.18676382303237915
        ],
        [
            0.18676382303237915,
            0.0
        ]
    ],
    "chain_plddt": [
        0.474609375,
        0.734375
    ],
    "chain_pair_plddt": [
        [
            0.0,
            0.625
        ],
        [
            0.625,
            0.0
        ]
    ],
    "has_clash": false,
    "disorder": 0.0,
    "ranking_score": 0.2002260982990265,
    "num_recycles": 12
}