{
    "plddt": 62.0,
    "gpde": 2.196406841278076,
    "ptm": 0.3443610966205597,
    "iptm": 0.2508632242679596,
    "chain_ptm": [
        0.47165846824645996,
        0.16837012767791748
    ],
    "chain_iptm": [
        0.2508632242679596,
        0.2508632242679596
    ],
    "chain_pair_iptm": [
        [
            0.0,
            0.2508632242679596
        ],
        [
            0.2508632242679596,
            0.0
        ]
    ],
    "chain_pair_iptm_global": [
        [
            0.0,
            0.2508632242679596
        ],
        [
            0.2508632242679596,
            0.0
        ]
    ],
    "chain_plddt": [
        0.5546875,
        0.6484375
    ],
    "chain_pair_plddt": [
        [
            0.0,
            0.62109375
        ],
        [
            0.62109375,
            0.0
        ]
    ],
    "has_clash": false,
    "disorder": 0.0,
    "ranking_score": 0.26956281065940857,
    "num_recycles": 12
}