{
    "plddt": 63.25,
    "gpde": 2.1758029460906982,
    "ptm": 0.34079068899154663,
    "iptm": 0.3084864318370819,
    "chain_ptm": [
        0.4865628480911255,
        0.18107646703720093
    ],
    "chain_iptm": [
        0.3084864318370819,
        0.3084864318370819
    ],
    "chain_pair_iptm": [
        [
            0.0,
            0.3084864318370819
        ],
        [
            0.3084864318370819,
            0.0
        ]
    ],
    "chain_pair_iptm_global": [
        [
            0.0,
            0.3084864318370819
        ],
        [
            0.3084864318370819,
            0.0
        ]
    ],
    "chain_plddt": [
        0.57421875,
        0.65625
    ],
    "chain_pair_plddt": [
        [
            0.0,
            0.6328125
        ],
        [
            0.6328125,
            0.0
        ]
    ],
    "has_clash": false,
    "disorder": 0.0,
    "ranking_score": 0.3149472773075104,
    "num_recycles": 12
}