{
    "plddt": 59.0,
    "gpde": 2.6563994884490967,
    "ptm": 0.21391966938972473,
    "iptm": 0.1513933539390564,
    "chain_ptm": [
        0.24225392937660217,
        0.1597462147474289
    ],
    "chain_iptm": [
        0.1513933539390564,
        0.1513933539390564
    ],
    "chain_pair_iptm": [
        [
            0.0,
            0.1513933539390564
        ],
        [
            0.1513933539390564,
            0.0
        ]
    ],
    "chain_pair_iptm_global": [
        [
            0.0,
            0.1513933539390564
        ],
        [
            0.1513933539390564,
            0.0
        ]
    ],
    "chain_plddt": [
        0.48046875,
        0.625
    ],
    "chain_pair_plddt": [
        [
            0.0,
            0.58984375
        ],
        [
            0.58984375,
            0.0
        ]
    ],
    "has_clash": false,
    "disorder": 0.0,
    "ranking_score": 0.16389861702919006,
    "num_recycles": 12
}