{
    "plddt": 59.0,
    "gpde": 2.626511573791504,
    "ptm": 0.2173159122467041,
    "iptm": 0.15172819793224335,
    "chain_ptm": [
        0.24941320717334747,
        0.1882653385400772
    ],
    "chain_iptm": [
        0.15172819793224335,
        0.15172819793224335
    ],
    "chain_pair_iptm": [
        [
            0.0,
            0.15172819793224335
        ],
        [
            0.15172819793224335,
            0.0
        ]
    ],
    "chain_pair_iptm_global": [
        [
            0.0,
            0.15172819793224335
        ],
        [
            0.15172819793224335,
            0.0
        ]
    ],
    "chain_plddt": [
        0.478515625,
        0.625
    ],
    "chain_pair_plddt": [
        [
            0.0,
            0.58984375
        ],
        [
            0.58984375,
            0.0
        ]
    ],
    "has_clash": false,
    "disorder": 0.0,
    "ranking_score": 0.16484573483467102,
    "num_recycles": 12
}