{
    "plddt": 61.0,
    "gpde": 3.329378843307495,
    "ptm": 0.3036412298679352,
    "iptm": 0.3278275430202484,
    "chain_ptm": [
        0.26670530438423157,
        0.2992421090602875
    ],
    "chain_iptm": [
        0.3278275430202484,
        0.3278275430202484
    ],
    "chain_pair_iptm": [
        [
            0.0,
            0.3278275430202484
        ],
        [
            0.3278275430202484,
            0.0
        ]
    ],
    "chain_pair_iptm_global": [
        [
            0.0,
            0.3278275430202484
        ],
        [
            0.3278275430202484,
            0.0
        ]
    ],
    "chain_plddt": [
        0.486328125,
        0.703125
    ],
    "chain_pair_plddt": [
        [
            0.0,
            0.609375
        ],
        [
            0.609375,
            0.0
        ]
    ],
    "has_clash": false,
    "disorder": 0.0,
    "ranking_score": 0.3229902982711792,
    "num_recycles": 8
}