{
    "plddt": 60.25,
    "gpde": 3.4300265312194824,
    "ptm": 0.2661316394805908,
    "iptm": 0.22558309137821198,
    "chain_ptm": [
        0.2631368041038513,
        0.22635702788829803
    ],
    "chain_iptm": [
        0.22558309137821198,
        0.22558309137821198
    ],
    "chain_pair_iptm": [
        [
            0.0,
            0.22558309137821198
        ],
        [
            0.22558309137821198,
            0.0
        ]
    ],
    "chain_pair_iptm_global": [
        [
            0.0,
            0.22558309137821198
        ],
        [
            0.22558309137821198,
            0.0
        ]
    ],
    "chain_plddt": [
        0.486328125,
        0.6875
    ],
    "chain_pair_plddt": [
        [
            0.0,
            0.6015625
        ],
        [
            0.6015625,
            0.0
        ]
    ],
    "has_clash": false,
    "disorder": 0.0,
    "ranking_score": 0.23369279503822327,
    "num_recycles": 8
}