{
    "plddt": 61.0,
    "gpde": 3.3014862537384033,
    "ptm": 0.3152235448360443,
    "iptm": 0.2339281290769577,
    "chain_ptm": [
        0.34213507175445557,
        0.23167309165000916
    ],
    "chain_iptm": [
        0.2339281290769577,
        0.2339281290769577
    ],
    "chain_pair_iptm": [
        [
            0.0,
            0.2339281290769577
        ],
        [
            0.2339281290769577,
            0.0
        ]
    ],
    "chain_pair_iptm_global": [
        [
            0.0,
            0.2339281290769577
        ],
        [
            0.2339281290769577,
            0.0
        ]
    ],
    "chain_plddt": [
        0.486328125,
        0.69921875
    ],
    "chain_pair_plddt": [
        [
            0.0,
            0.609375
        ],
        [
            0.609375,
            0.0
        ]
    ],
    "has_clash": false,
    "disorder": 0.0,
    "ranking_score": 0.2501872181892395,
    "num_recycles": 8
}