{
    "plddt": 60.25,
    "gpde": 3.425300121307373,
    "ptm": 0.2651626765727997,
    "iptm": 0.21518097817897797,
    "chain_ptm": [
        0.2680264711380005,
        0.26450419425964355
    ],
    "chain_iptm": [
        0.21518097817897797,
        0.21518097817897797
    ],
    "chain_pair_iptm": [
        [
            0.0,
            0.21518097817897797
        ],
        [
            0.21518097817897797,
            0.0
        ]
    ],
    "chain_pair_iptm_global": [
        [
            0.0,
            0.21518097817897797
        ],
        [
            0.21518097817897797,
            0.0
        ]
    ],
    "chain_plddt": [
        0.4765625,
        0.6953125
    ],
    "chain_pair_plddt": [
        [
            0.0,
            0.6015625
        ],
        [
            0.6015625,
            0.0
        ]
    ],
    "has_clash": false,
    "disorder": 0.0,
    "ranking_score": 0.2251773178577423,
    "num_recycles": 8
}