{
    "plddt": 60.25,
    "gpde": 3.329570770263672,
    "ptm": 0.2757522165775299,
    "iptm": 0.2464650273323059,
    "chain_ptm": [
        0.2652222812175751,
        0.258495956659317
    ],
    "chain_iptm": [
        0.2464650273323059,
        0.2464650273323059
    ],
    "chain_pair_iptm": [
        [
            0.0,
            0.2464650273323059
        ],
        [
            0.2464650273323059,
            0.0
        ]
    ],
    "chain_pair_iptm_global": [
        [
            0.0,
            0.2464650273323059
        ],
        [
            0.2464650273323059,
            0.0
        ]
    ],
    "chain_plddt": [
        0.48828125,
        0.6875
    ],
    "chain_pair_plddt": [
        [
            0.0,
            0.6015625
        ],
        [
            0.6015625,
            0.0
        ]
    ],
    "has_clash": false,
    "disorder": 0.0,
    "ranking_score": 0.2523224651813507,
    "num_recycles": 8
}