{
    "plddt": 65.0,
    "gpde": 3.230292797088623,
    "ptm": 0.29955872893333435,
    "iptm": 0.1547105312347412,
    "chain_ptm": [
        0.39890408515930176,
        0.28848937153816223
    ],
    "chain_iptm": [
        0.1547105312347412,
        0.1547105312347412
    ],
    "chain_pair_iptm": [
        [
            0.0,
            0.1547105312347412
        ],
        [
            0.1547105312347412,
            0.0
        ]
    ],
    "chain_pair_iptm_global": [
        [
            0.0,
            0.1547105312347412
        ],
        [
            0.1547105312347412,
            0.0
        ]
    ],
    "chain_plddt": [
        0.54296875,
        0.70703125
    ],
    "chain_pair_plddt": [
        [
            0.0,
            0.65234375
        ],
        [
            0.65234375,
            0.0
        ]
    ],
    "has_clash": false,
    "disorder": 0.0,
    "ranking_score": 0.18368017673492432,
    "num_recycles": 8
}