{
    "plddt": 65.0,
    "gpde": 3.2633554935455322,
    "ptm": 0.3122607469558716,
    "iptm": 0.21444979310035706,
    "chain_ptm": [
        0.3796288073062897,
        0.24515333771705627
    ],
    "chain_iptm": [
        0.21444979310035706,
        0.21444979310035706
    ],
    "chain_pair_iptm": [
        [
            0.0,
            0.21444979310035706
        ],
        [
            0.21444979310035706,
            0.0
        ]
    ],
    "chain_pair_iptm_global": [
        [
            0.0,
            0.21444979310035706
        ],
        [
            0.21444979310035706,
            0.0
        ]
    ],
    "chain_plddt": [
        0.5234375,
        0.71484375
    ],
    "chain_pair_plddt": [
        [
            0.0,
            0.65234375
        ],
        [
            0.65234375,
            0.0
        ]
    ],
    "has_clash": false,
    "disorder": 0.0,
    "ranking_score": 0.23401199281215668,
    "num_recycles": 8
}