{
    "plddt": 67.0,
    "gpde": 3.180896043777466,
    "ptm": 0.32439708709716797,
    "iptm": 0.25803494453430176,
    "chain_ptm": [
        0.3982912003993988,
        0.20942531526088715
    ],
    "chain_iptm": [
        0.25803494453430176,
        0.25803494453430176
    ],
    "chain_pair_iptm": [
        [
            0.0,
            0.25803494453430176
        ],
        [
            0.25803494453430176,
            0.0
        ]
    ],
    "chain_pair_iptm_global": [
        [
            0.0,
            0.25803494453430176
        ],
        [
            0.25803494453430176,
            0.0
        ]
    ],
    "chain_plddt": [
        0.55078125,
        0.73046875
    ],
    "chain_pair_plddt": [
        [
            0.0,
            0.671875
        ],
        [
            0.671875,
            0.0
        ]
    ],
    "has_clash": false,
    "disorder": 0.0,
    "ranking_score": 0.2713073790073395,
    "num_recycles": 8
}