{
    "plddt": 66.0,
    "gpde": 3.145263433456421,
    "ptm": 0.33148717880249023,
    "iptm": 0.22789114713668823,
    "chain_ptm": [
        0.42757850885391235,
        0.22576406598091125
    ],
    "chain_iptm": [
        0.22789114713668823,
        0.22789114713668823
    ],
    "chain_pair_iptm": [
        [
            0.0,
            0.22789114713668823
        ],
        [
            0.22789114713668823,
            0.0
        ]
    ],
    "chain_pair_iptm_global": [
        [
            0.0,
            0.22789114713668823
        ],
        [
            0.22789114713668823,
            0.0
        ]
    ],
    "chain_plddt": [
        0.53515625,
        0.72265625
    ],
    "chain_pair_plddt": [
        [
            0.0,
            0.66015625
        ],
        [
            0.66015625,
            0.0
        ]
    ],
    "has_clash": false,
    "disorder": 0.0,
    "ranking_score": 0.24861034750938416,
    "num_recycles": 8
}