{
    "plddt": 67.5,
    "gpde": 3.2428174018859863,
    "ptm": 0.34253063797950745,
    "iptm": 0.28891047835350037,
    "chain_ptm": [
        0.4084613621234894,
        0.31053897738456726
    ],
    "chain_iptm": [
        0.28891047835350037,
        0.28891047835350037
    ],
    "chain_pair_iptm": [
        [
            0.0,
            0.28891047835350037
        ],
        [
            0.28891047835350037,
            0.0
        ]
    ],
    "chain_pair_iptm_global": [
        [
            0.0,
            0.28891047835350037
        ],
        [
            0.28891047835350037,
            0.0
        ]
    ],
    "chain_plddt": [
        0.54296875,
        0.7421875
    ],
    "chain_pair_plddt": [
        [
            0.0,
            0.67578125
        ],
        [
            0.67578125,
            0.0
        ]
    ],
    "has_clash": false,
    "disorder": 0.0,
    "ranking_score": 0.29963451623916626,
    "num_recycles": 8
}