{
    "plddt": 66.5,
    "gpde": 3.2725296020507812,
    "ptm": 0.332516610622406,
    "iptm": 0.2834168076515198,
    "chain_ptm": [
        0.4065830409526825,
        0.2244241088628769
    ],
    "chain_iptm": [
        0.2834168076515198,
        0.2834168076515198
    ],
    "chain_pair_iptm": [
        [
            0.0,
            0.2834168076515198
        ],
        [
            0.2834168076515198,
            0.0
        ]
    ],
    "chain_pair_iptm_global": [
        [
            0.0,
            0.2834168076515198
        ],
        [
            0.2834168076515198,
            0.0
        ]
    ],
    "chain_plddt": [
        0.546875,
        0.71875
    ],
    "chain_pair_plddt": [
        [
            0.0,
            0.6640625
        ],
        [
            0.6640625,
            0.0
        ]
    ],
    "has_clash": false,
    "disorder": 0.0,
    "ranking_score": 0.29323676228523254,
    "num_recycles": 8
}