{
    "plddt": 68.0,
    "gpde": 3.142329216003418,
    "ptm": 0.40901514887809753,
    "iptm": 0.36092567443847656,
    "chain_ptm": [
        0.41240644454956055,
        0.3406538963317871
    ],
    "chain_iptm": [
        0.36092567443847656,
        0.36092567443847656
    ],
    "chain_pair_iptm": [
        [
            0.0,
            0.36092567443847656
        ],
        [
            0.36092567443847656,
            0.0
        ]
    ],
    "chain_pair_iptm_global": [
        [
            0.0,
            0.36092567443847656
        ],
        [
            0.36092567443847656,
            0.0
        ]
    ],
    "chain_plddt": [
        0.5546875,
        0.7421875
    ],
    "chain_pair_plddt": [
        [
            0.0,
            0.6796875
        ],
        [
            0.6796875,
            0.0
        ]
    ],
    "has_clash": false,
    "disorder": 0.0,
    "ranking_score": 0.37054356932640076,
    "num_recycles": 8
}