{
    "plddt": 67.0,
    "gpde": 3.294621229171753,
    "ptm": 0.3618265390396118,
    "iptm": 0.2956506907939911,
    "chain_ptm": [
        0.3892602324485779,
        0.2668779194355011
    ],
    "chain_iptm": [
        0.2956506907939911,
        0.2956506907939911
    ],
    "chain_pair_iptm": [
        [
            0.0,
            0.2956506907939911
        ],
        [
            0.2956506907939911,
            0.0
        ]
    ],
    "chain_pair_iptm_global": [
        [
            0.0,
            0.2956506907939911
        ],
        [
            0.2956506907939911,
            0.0
        ]
    ],
    "chain_plddt": [
        0.546875,
        0.73046875
    ],
    "chain_pair_plddt": [
        [
            0.0,
            0.671875
        ],
        [
            0.671875,
            0.0
        ]
    ],
    "has_clash": false,
    "disorder": 0.0,
    "ranking_score": 0.3088858723640442,
    "num_recycles": 8
}