{
    "plddt": 67.0,
    "gpde": 3.2101492881774902,
    "ptm": 0.38366401195526123,
    "iptm": 0.30951911211013794,
    "chain_ptm": [
        0.41458970308303833,
        0.2889766991138458
    ],
    "chain_iptm": [
        0.30951911211013794,
        0.30951911211013794
    ],
    "chain_pair_iptm": [
        [
            0.0,
            0.30951911211013794
        ],
        [
            0.30951911211013794,
            0.0
        ]
    ],
    "chain_pair_iptm_global": [
        [
            0.0,
            0.30951911211013794
        ],
        [
            0.30951911211013794,
            0.0
        ]
    ],
    "chain_plddt": [
        0.54296875,
        0.72265625
    ],
    "chain_pair_plddt": [
        [
            0.0,
            0.66796875
        ],
        [
            0.66796875,
            0.0
        ]
    ],
    "has_clash": false,
    "disorder": 0.0,
    "ranking_score": 0.3243480920791626,
    "num_recycles": 8
}