{
    "plddt": 66.5,
    "gpde": 3.121028423309326,
    "ptm": 0.37252625823020935,
    "iptm": 0.2947711646556854,
    "chain_ptm": [
        0.4072195589542389,
        0.28258016705513
    ],
    "chain_iptm": [
        0.2947711646556854,
        0.2947711646556854
    ],
    "chain_pair_iptm": [
        [
            0.0,
            0.2947711646556854
        ],
        [
            0.2947711646556854,
            0.0
        ]
    ],
    "chain_pair_iptm_global": [
        [
            0.0,
            0.2947711646556854
        ],
        [
            0.2947711646556854,
            0.0
        ]
    ],
    "chain_plddt": [
        0.55078125,
        0.71484375
    ],
    "chain_pair_plddt": [
        [
            0.0,
            0.6640625
        ],
        [
            0.6640625,
            0.0
        ]
    ],
    "has_clash": false,
    "disorder": 0.0,
    "ranking_score": 0.31032219529151917,
    "num_recycles": 8
}