{
    "plddt": 57.75,
    "gpde": 2.8758273124694824,
    "ptm": 0.23587797582149506,
    "iptm": 0.17317628860473633,
    "chain_ptm": [
        0.2598360776901245,
        0.1730213761329651
    ],
    "chain_iptm": [
        0.17317628860473633,
        0.17317628860473633
    ],
    "chain_pair_iptm": [
        [
            0.0,
            0.17317628860473633
        ],
        [
            0.17317628860473633,
            0.0
        ]
    ],
    "chain_pair_iptm_global": [
        [
            0.0,
            0.17317628860473633
        ],
        [
            0.17317628860473633,
            0.0
        ]
    ],
    "chain_plddt": [
        0.474609375,
        0.625
    ],
    "chain_pair_plddt": [
        [
            0.0,
            0.578125
        ],
        [
            0.578125,
            0.0
        ]
    ],
    "has_clash": false,
    "disorder": 0.0,
    "ranking_score": 0.1857166290283203,
    "num_recycles": 12
}