{
    "plddt": 57.75,
    "gpde": 2.8042795658111572,
    "ptm": 0.22052863240242004,
    "iptm": 0.14732865989208221,
    "chain_ptm": [
        0.24725975096225739,
        0.16694189608097076
    ],
    "chain_iptm": [
        0.14732865989208221,
        0.14732865989208221
    ],
    "chain_pair_iptm": [
        [
            0.0,
            0.14732865989208221
        ],
        [
            0.14732865989208221,
            0.0
        ]
    ],
    "chain_pair_iptm_global": [
        [
            0.0,
            0.14732865989208221
        ],
        [
            0.14732865989208221,
            0.0
        ]
    ],
    "chain_plddt": [
        0.47265625,
        0.625
    ],
    "chain_pair_plddt": [
        [
            0.0,
            0.578125
        ],
        [
            0.578125,
            0.0
        ]
    ],
    "has_clash": false,
    "disorder": 0.0,
    "ranking_score": 0.1619686633348465,
    "num_recycles": 12
}