{
    "plddt": 57.75,
    "gpde": 2.8705217838287354,
    "ptm": 0.23182669281959534,
    "iptm": 0.1672714352607727,
    "chain_ptm": [
        0.24947015941143036,
        0.20200787484645844
    ],
    "chain_iptm": [
        0.1672714352607727,
        0.1672714352607727
    ],
    "chain_pair_iptm": [
        [
            0.0,
            0.1672714352607727
        ],
        [
            0.1672714352607727,
            0.0
        ]
    ],
    "chain_pair_iptm_global": [
        [
            0.0,
            0.1672714352607727
        ],
        [
            0.1672714352607727,
            0.0
        ]
    ],
    "chain_plddt": [
        0.474609375,
        0.62109375
    ],
    "chain_pair_plddt": [
        [
            0.0,
            0.578125
        ],
        [
            0.578125,
            0.0
        ]
    ],
    "has_clash": false,
    "disorder": 0.0,
    "ranking_score": 0.18018248677253723,
    "num_recycles": 12
}