{
    "plddt": 70.0,
    "gpde": 2.127845287322998,
    "ptm": 0.5095950365066528,
    "iptm": 0.47381171584129333,
    "chain_ptm": [
        0.5468180775642395,
        0.32612091302871704
    ],
    "chain_iptm": [
        0.47381171584129333,
        0.47381171584129333
    ],
    "chain_pair_iptm": [
        [
            0.0,
            0.47381171584129333
        ],
        [
            0.47381171584129333,
            0.0
        ]
    ],
    "chain_pair_iptm_global": [
        [
            0.0,
            0.47381171584129333
        ],
        [
            0.47381171584129333,
            0.0
        ]
    ],
    "chain_plddt": [
        0.62109375,
        0.75
    ],
    "chain_pair_plddt": [
        [
            0.0,
            0.69921875
        ],
        [
            0.69921875,
            0.0
        ]
    ],
    "has_clash": false,
    "disorder": 0.0,
    "ranking_score": 0.4809684157371521,
    "num_recycles": 12
}