{
    "plddt": 69.5,
    "gpde": 2.2112131118774414,
    "ptm": 0.45701345801353455,
    "iptm": 0.4486628472805023,
    "chain_ptm": [
        0.536641538143158,
        0.21517843008041382
    ],
    "chain_iptm": [
        0.4486628472805023,
        0.4486628472805023
    ],
    "chain_pair_iptm": [
        [
            0.0,
            0.4486628472805023
        ],
        [
            0.4486628472805023,
            0.0
        ]
    ],
    "chain_pair_iptm_global": [
        [
            0.0,
            0.4486628472805023
        ],
        [
            0.4486628472805023,
            0.0
        ]
    ],
    "chain_plddt": [
        0.6328125,
        0.73828125
    ],
    "chain_pair_plddt": [
        [
            0.0,
            0.6953125
        ],
        [
            0.6953125,
            0.0
        ]
    ],
    "has_clash": false,
    "disorder": 0.0,
    "ranking_score": 0.45033299922943115,
    "num_recycles": 12
}