{
    "plddt": 65.0,
    "gpde": 2.4615697860717773,
    "ptm": 0.2440744787454605,
    "iptm": 0.22358761727809906,
    "chain_ptm": [
        0.3764277398586273,
        0.17335492372512817
    ],
    "chain_iptm": [
        0.22358761727809906,
        0.22358761727809906
    ],
    "chain_pair_iptm": [
        [
            0.0,
            0.22358761727809906
        ],
        [
            0.22358761727809906,
            0.0
        ]
    ],
    "chain_pair_iptm_global": [
        [
            0.0,
            0.22358761727809906
        ],
        [
            0.22358761727809906,
            0.0
        ]
    ],
    "chain_plddt": [
        0.51953125,
        0.6796875
    ],
    "chain_pair_plddt": [
        [
            0.0,
            0.65234375
        ],
        [
            0.65234375,
            0.0
        ]
    ],
    "has_clash": false,
    "disorder": 0.0,
    "ranking_score": 0.22768498957157135,
    "num_recycles": 12
}