{
    "plddt": 65.5,
    "gpde": 2.5032691955566406,
    "ptm": 0.23367787897586823,
    "iptm": 0.1996210515499115,
    "chain_ptm": [
        0.3346231281757355,
        0.158982053399086
    ],
    "chain_iptm": [
        0.1996210515499115,
        0.1996210515499115
    ],
    "chain_pair_iptm": [
        [
            0.0,
            0.1996210515499115
        ],
        [
            0.1996210515499115,
            0.0
        ]
    ],
    "chain_pair_iptm_global": [
        [
            0.0,
            0.1996210515499115
        ],
        [
            0.1996210515499115,
            0.0
        ]
    ],
    "chain_plddt": [
        0.515625,
        0.6875
    ],
    "chain_pair_plddt": [
        [
            0.0,
            0.65625
        ],
        [
            0.65625,
            0.0
        ]
    ],
    "has_clash": false,
    "disorder": 0.0,
    "ranking_score": 0.20643243193626404,
    "num_recycles": 12
}