{
    "plddt": 61.0,
    "gpde": 2.071016550064087,
    "ptm": 0.3254755139350891,
    "iptm": 0.29632458090782166,
    "chain_ptm": [
        0.4572218358516693,
        0.17139661312103271
    ],
    "chain_iptm": [
        0.29632458090782166,
        0.29632458090782166
    ],
    "chain_pair_iptm": [
        [
            0.0,
            0.29632458090782166
        ],
        [
            0.29632458090782166,
            0.0
        ]
    ],
    "chain_pair_iptm_global": [
        [
            0.0,
            0.29632458090782166
        ],
        [
            0.29632458090782166,
            0.0
        ]
    ],
    "chain_plddt": [
        0.55078125,
        0.62890625
    ],
    "chain_pair_plddt": [
        [
            0.0,
            0.609375
        ],
        [
            0.609375,
            0.0
        ]
    ],
    "has_clash": false,
    "disorder": 0.0,
    "ranking_score": 0.3021547794342041,
    "num_recycles": 12
}