{
    "plddt": 61.25,
    "gpde": 2.067162275314331,
    "ptm": 0.3098597526550293,
    "iptm": 0.26010069251060486,
    "chain_ptm": [
        0.46354785561561584,
        0.17421643435955048
    ],
    "chain_iptm": [
        0.26010069251060486,
        0.26010069251060486
    ],
    "chain_pair_iptm": [
        [
            0.0,
            0.26010069251060486
        ],
        [
            0.26010069251060486,
            0.0
        ]
    ],
    "chain_pair_iptm_global": [
        [
            0.0,
            0.26010069251060486
        ],
        [
            0.26010069251060486,
            0.0
        ]
    ],
    "chain_plddt": [
        0.55859375,
        0.62890625
    ],
    "chain_pair_plddt": [
        [
            0.0,
            0.61328125
        ],
        [
            0.61328125,
            0.0
        ]
    ],
    "has_clash": false,
    "disorder": 0.0,
    "ranking_score": 0.2700525224208832,
    "num_recycles": 12
}