{
    "plddt": 61.25,
    "gpde": 2.09023118019104,
    "ptm": 0.3066331446170807,
    "iptm": 0.215530127286911,
    "chain_ptm": [
        0.4500603973865509,
        0.15504390001296997
    ],
    "chain_iptm": [
        0.215530127286911,
        0.215530127286911
    ],
    "chain_pair_iptm": [
        [
            0.0,
            0.215530127286911
        ],
        [
            0.215530127286911,
            0.0
        ]
    ],
    "chain_pair_iptm_global": [
        [
            0.0,
            0.215530127286911
        ],
        [
            0.215530127286911,
            0.0
        ]
    ],
    "chain_plddt": [
        0.5546875,
        0.62890625
    ],
    "chain_pair_plddt": [
        [
            0.0,
            0.61328125
        ],
        [
            0.61328125,
            0.0
        ]
    ],
    "has_clash": false,
    "disorder": 0.0,
    "ranking_score": 0.23375073075294495,
    "num_recycles": 12
}