{
    "plddt": 61.75,
    "gpde": 2.1322903633117676,
    "ptm": 0.30770373344421387,
    "iptm": 0.30551406741142273,
    "chain_ptm": [
        0.4511038064956665,
        0.15372808277606964
    ],
    "chain_iptm": [
        0.30551406741142273,
        0.30551406741142273
    ],
    "chain_pair_iptm": [
        [
            0.0,
            0.30551406741142273
        ],
        [
            0.30551406741142273,
            0.0
        ]
    ],
    "chain_pair_iptm_global": [
        [
            0.0,
            0.30551406741142273
        ],
        [
            0.30551406741142273,
            0.0
        ]
    ],
    "chain_plddt": [
        0.5625,
        0.6328125
    ],
    "chain_pair_plddt": [
        [
            0.0,
            0.6171875
        ],
        [
            0.6171875,
            0.0
        ]
    ],
    "has_clash": false,
    "disorder": 0.0,
    "ranking_score": 0.3059520125389099,
    "num_recycles": 12
}