{
    "plddt": 69.0,
    "gpde": 2.353189468383789,
    "ptm": 0.41608619689941406,
    "iptm": 0.29535698890686035,
    "chain_ptm": [
        0.5015890002250671,
        0.20052741467952728
    ],
    "chain_iptm": [
        0.29535698890686035,
        0.29535698890686035
    ],
    "chain_pair_iptm": [
        [
            0.0,
            0.29535698890686035
        ],
        [
            0.29535698890686035,
            0.0
        ]
    ],
    "chain_pair_iptm_global": [
        [
            0.0,
            0.29535698890686035
        ],
        [
            0.29535698890686035,
            0.0
        ]
    ],
    "chain_plddt": [
        0.61328125,
        0.74609375
    ],
    "chain_pair_plddt": [
        [
            0.0,
            0.69140625
        ],
        [
            0.69140625,
            0.0
        ]
    ],
    "has_clash": false,
    "disorder": 0.0,
    "ranking_score": 0.3195028305053711,
    "num_recycles": 12
}