{
    "plddt": 69.0,
    "gpde": 2.183244228363037,
    "ptm": 0.49905678629875183,
    "iptm": 0.4373207092285156,
    "chain_ptm": [
        0.5250246524810791,
        0.3149424195289612
    ],
    "chain_iptm": [
        0.4373207092285156,
        0.4373207092285156
    ],
    "chain_pair_iptm": [
        [
            0.0,
            0.4373207092285156
        ],
        [
            0.4373207092285156,
            0.0
        ]
    ],
    "chain_pair_iptm_global": [
        [
            0.0,
            0.4373207092285156
        ],
        [
            0.4373207092285156,
            0.0
        ]
    ],
    "chain_plddt": [
        0.6171875,
        0.734375
    ],
    "chain_pair_plddt": [
        [
            0.0,
            0.6875
        ],
        [
            0.6875,
            0.0
        ]
    ],
    "has_clash": false,
    "disorder": 0.0,
    "ranking_score": 0.44966793060302734,
    "num_recycles": 12
}