{
    "plddt": 69.5,
    "gpde": 2.077833414077759,
    "ptm": 0.5198159217834473,
    "iptm": 0.4662162661552429,
    "chain_ptm": [
        0.5481130480766296,
        0.3153562545776367
    ],
    "chain_iptm": [
        0.4662162661552429,
        0.4662162661552429
    ],
    "chain_pair_iptm": [
        [
            0.0,
            0.4662162661552429
        ],
        [
            0.4662162661552429,
            0.0
        ]
    ],
    "chain_pair_iptm_global": [
        [
            0.0,
            0.4662162661552429
        ],
        [
            0.4662162661552429,
            0.0
        ]
    ],
    "chain_plddt": [
        0.609375,
        0.7578125
    ],
    "chain_pair_plddt": [
        [
            0.0,
            0.6953125
        ],
        [
            0.6953125,
            0.0
        ]
    ],
    "has_clash": false,
    "disorder": 0.0,
    "ranking_score": 0.4769362211227417,
    "num_recycles": 12
}