{
    "plddt": 67.0,
    "gpde": 3.239320755004883,
    "ptm": 0.29683032631874084,
    "iptm": 0.1661466509103775,
    "chain_ptm": [
        0.373727411031723,
        0.2610805630683899
    ],
    "chain_iptm": [
        0.1661466509103775,
        0.1661466509103775
    ],
    "chain_pair_iptm": [
        [
            0.0,
            0.1661466509103775
        ],
        [
            0.1661466509103775,
            0.0
        ]
    ],
    "chain_pair_iptm_global": [
        [
            0.0,
            0.1661466509103775
        ],
        [
            0.1661466509103775,
            0.0
        ]
    ],
    "chain_plddt": [
        0.5390625,
        0.734375
    ],
    "chain_pair_plddt": [
        [
            0.0,
            0.671875
        ],
        [
            0.671875,
            0.0
        ]
    ],
    "has_clash": false,
    "disorder": 0.0,
    "ranking_score": 0.19228339195251465,
    "num_recycles": 12
}