{
    "plddt": 66.0,
    "gpde": 2.9653334617614746,
    "ptm": 0.35394954681396484,
    "iptm": 0.20917442440986633,
    "chain_ptm": [
        0.43639466166496277,
        0.25174206495285034
    ],
    "chain_iptm": [
        0.20917442440986633,
        0.20917442440986633
    ],
    "chain_pair_iptm": [
        [
            0.0,
            0.20917442440986633
        ],
        [
            0.20917442440986633,
            0.0
        ]
    ],
    "chain_pair_iptm_global": [
        [
            0.0,
            0.20917442440986633
        ],
        [
            0.20917442440986633,
            0.0
        ]
    ],
    "chain_plddt": [
        0.52734375,
        0.7265625
    ],
    "chain_pair_plddt": [
        [
            0.0,
            0.66015625
        ],
        [
            0.66015625,
            0.0
        ]
    ],
    "has_clash": false,
    "disorder": 0.0,
    "ranking_score": 0.23812946677207947,
    "num_recycles": 12
}