{
    "plddt": 67.0,
    "gpde": 3.1831459999084473,
    "ptm": 0.3375939428806305,
    "iptm": 0.2650420367717743,
    "chain_ptm": [
        0.3756635785102844,
        0.26078706979751587
    ],
    "chain_iptm": [
        0.2650420367717743,
        0.2650420367717743
    ],
    "chain_pair_iptm": [
        [
            0.0,
            0.2650420367717743
        ],
        [
            0.2650420367717743,
            0.0
        ]
    ],
    "chain_pair_iptm_global": [
        [
            0.0,
            0.2650420367717743
        ],
        [
            0.2650420367717743,
            0.0
        ]
    ],
    "chain_plddt": [
        0.52734375,
        0.73046875
    ],
    "chain_pair_plddt": [
        [
            0.0,
            0.66796875
        ],
        [
            0.66796875,
            0.0
        ]
    ],
    "has_clash": false,
    "disorder": 0.0,
    "ranking_score": 0.2795524299144745,
    "num_recycles": 12
}