{
    "plddt": 67.0,
    "gpde": 3.0705740451812744,
    "ptm": 0.3309718370437622,
    "iptm": 0.23977030813694,
    "chain_ptm": [
        0.41414034366607666,
        0.2390979379415512
    ],
    "chain_iptm": [
        0.23977030813694,
        0.23977030813694
    ],
    "chain_pair_iptm": [
        [
            0.0,
            0.23977030813694
        ],
        [
            0.23977030813694,
            0.0
        ]
    ],
    "chain_pair_iptm_global": [
        [
            0.0,
            0.23977030813694
        ],
        [
            0.23977030813694,
            0.0
        ]
    ],
    "chain_plddt": [
        0.52734375,
        0.73828125
    ],
    "chain_pair_plddt": [
        [
            0.0,
            0.671875
        ],
        [
            0.671875,
            0.0
        ]
    ],
    "has_clash": false,
    "disorder": 0.0,
    "ranking_score": 0.2580106258392334,
    "num_recycles": 12
}