{
    "plddt": 66.0,
    "gpde": 3.1126186847686768,
    "ptm": 0.339190810918808,
    "iptm": 0.2869713008403778,
    "chain_ptm": [
        0.419948935508728,
        0.30370989441871643
    ],
    "chain_iptm": [
        0.2869713008403778,
        0.2869713008403778
    ],
    "chain_pair_iptm": [
        [
            0.0,
            0.2869713008403778
        ],
        [
            0.2869713008403778,
            0.0
        ]
    ],
    "chain_pair_iptm_global": [
        [
            0.0,
            0.2869713008403778
        ],
        [
            0.2869713008403778,
            0.0
        ]
    ],
    "chain_plddt": [
        0.54296875,
        0.71484375
    ],
    "chain_pair_plddt": [
        [
            0.0,
            0.66015625
        ],
        [
            0.66015625,
            0.0
        ]
    ],
    "has_clash": false,
    "disorder": 0.0,
    "ranking_score": 0.29741519689559937,
    "num_recycles": 12
}