{
    "plddt": 66.5,
    "gpde": 2.8538670539855957,
    "ptm": 0.28437328338623047,
    "iptm": 0.2038445621728897,
    "chain_ptm": [
        0.38793838024139404,
        0.2512578070163727
    ],
    "chain_iptm": [
        0.2038445621728897,
        0.2038445621728897
    ],
    "chain_pair_iptm": [
        [
            0.0,
            0.2038445621728897
        ],
        [
            0.2038445621728897,
            0.0
        ]
    ],
    "chain_pair_iptm_global": [
        [
            0.0,
            0.2038445621728897
        ],
        [
            0.2038445621728897,
            0.0
        ]
    ],
    "chain_plddt": [
        0.51953125,
        0.7109375
    ],
    "chain_pair_plddt": [
        [
            0.0,
            0.6640625
        ],
        [
            0.6640625,
            0.0
        ]
    ],
    "has_clash": false,
    "disorder": 0.0,
    "ranking_score": 0.21995031833648682,
    "num_recycles": 8
}