{
    "plddt": 67.0,
    "gpde": 2.906764030456543,
    "ptm": 0.27004867792129517,
    "iptm": 0.1802324652671814,
    "chain_ptm": [
        0.37424275279045105,
        0.24949447810649872
    ],
    "chain_iptm": [
        0.1802324652671814,
        0.1802324652671814
    ],
    "chain_pair_iptm": [
        [
            0.0,
            0.1802324652671814
        ],
        [
            0.1802324652671814,
            0.0
        ]
    ],
    "chain_pair_iptm_global": [
        [
            0.0,
            0.1802324652671814
        ],
        [
            0.1802324652671814,
            0.0
        ]
    ],
    "chain_plddt": [
        0.515625,
        0.71484375
    ],
    "chain_pair_plddt": [
        [
            0.0,
            0.66796875
        ],
        [
            0.66796875,
            0.0
        ]
    ],
    "has_clash": false,
    "disorder": 0.0,
    "ranking_score": 0.1981957107782364,
    "num_recycles": 8
}