{
    "plddt": 67.0,
    "gpde": 2.886104106903076,
    "ptm": 0.2722322940826416,
    "iptm": 0.21697989106178284,
    "chain_ptm": [
        0.36529719829559326,
        0.26119503378868103
    ],
    "chain_iptm": [
        0.21697989106178284,
        0.21697989106178284
    ],
    "chain_pair_iptm": [
        [
            0.0,
            0.21697989106178284
        ],
        [
            0.21697989106178284,
            0.0
        ]
    ],
    "chain_pair_iptm_global": [
        [
            0.0,
            0.21697989106178284
        ],
        [
            0.21697989106178284,
            0.0
        ]
    ],
    "chain_plddt": [
        0.5234375,
        0.71484375
    ],
    "chain_pair_plddt": [
        [
            0.0,
            0.671875
        ],
        [
            0.671875,
            0.0
        ]
    ],
    "has_clash": false,
    "disorder": 0.0,
    "ranking_score": 0.22803036868572235,
    "num_recycles": 8
}