{
    "plddt": 66.5,
    "gpde": 2.856390953063965,
    "ptm": 0.28415849804878235,
    "iptm": 0.17873631417751312,
    "chain_ptm": [
        0.3811095654964447,
        0.24705635011196136
    ],
    "chain_iptm": [
        0.17873631417751312,
        0.17873631417751312
    ],
    "chain_pair_iptm": [
        [
            0.0,
            0.17873631417751312
        ],
        [
            0.17873631417751312,
            0.0
        ]
    ],
    "chain_pair_iptm_global": [
        [
            0.0,
            0.17873631417751312
        ],
        [
            0.17873631417751312,
            0.0
        ]
    ],
    "chain_plddt": [
        0.515625,
        0.71484375
    ],
    "chain_pair_plddt": [
        [
            0.0,
            0.6640625
        ],
        [
            0.6640625,
            0.0
        ]
    ],
    "has_clash": false,
    "disorder": 0.0,
    "ranking_score": 0.19982075691223145,
    "num_recycles": 8
}