{
    "plddt": 67.0,
    "gpde": 2.790332317352295,
    "ptm": 0.28593119978904724,
    "iptm": 0.19869019091129303,
    "chain_ptm": [
        0.420740008354187,
        0.2507855296134949
    ],
    "chain_iptm": [
        0.19869019091129303,
        0.19869019091129303
    ],
    "chain_pair_iptm": [
        [
            0.0,
            0.19869019091129303
        ],
        [
            0.19869019091129303,
            0.0
        ]
    ],
    "chain_pair_iptm_global": [
        [
            0.0,
            0.19869019091129303
        ],
        [
            0.19869019091129303,
            0.0
        ]
    ],
    "chain_plddt": [
        0.53125,
        0.71484375
    ],
    "chain_pair_plddt": [
        [
            0.0,
            0.671875
        ],
        [
            0.671875,
            0.0
        ]
    ],
    "has_clash": false,
    "disorder": 0.0,
    "ranking_score": 0.21613840758800507,
    "num_recycles": 8
}