{
    "plddt": 61.75,
    "gpde": 3.2577693462371826,
    "ptm": 0.2545643448829651,
    "iptm": 0.17817291617393494,
    "chain_ptm": [
        0.27288609743118286,
        0.2062108814716339
    ],
    "chain_iptm": [
        0.17817291617393494,
        0.17817291617393494
    ],
    "chain_pair_iptm": [
        [
            0.0,
            0.17817291617393494
        ],
        [
            0.17817291617393494,
            0.0
        ]
    ],
    "chain_pair_iptm_global": [
        [
            0.0,
            0.17817291617393494
        ],
        [
            0.17817291617393494,
            0.0
        ]
    ],
    "chain_plddt": [
        0.474609375,
        0.71875
    ],
    "chain_pair_plddt": [
        [
            0.0,
            0.6171875
        ],
        [
            0.6171875,
            0.0
        ]
    ],
    "has_clash": false,
    "disorder": 0.0,
    "ranking_score": 0.19345121085643768,
    "num_recycles": 8
}