{
    "plddt": 61.75,
    "gpde": 3.2394213676452637,
    "ptm": 0.2623119354248047,
    "iptm": 0.21442340314388275,
    "chain_ptm": [
        0.26096412539482117,
        0.21198010444641113
    ],
    "chain_iptm": [
        0.21442340314388275,
        0.21442340314388275
    ],
    "chain_pair_iptm": [
        [
            0.0,
            0.21442340314388275
        ],
        [
            0.21442340314388275,
            0.0
        ]
    ],
    "chain_pair_iptm_global": [
        [
            0.0,
            0.21442340314388275
        ],
        [
            0.21442340314388275,
            0.0
        ]
    ],
    "chain_plddt": [
        0.466796875,
        0.7265625
    ],
    "chain_pair_plddt": [
        [
            0.0,
            0.6171875
        ],
        [
            0.6171875,
            0.0
        ]
    ],
    "has_clash": false,
    "disorder": 0.0,
    "ranking_score": 0.22400110960006714,
    "num_recycles": 8
}