{
    "plddt": 61.75,
    "gpde": 3.27781343460083,
    "ptm": 0.27130913734436035,
    "iptm": 0.23832674324512482,
    "chain_ptm": [
        0.2614823877811432,
        0.22411704063415527
    ],
    "chain_iptm": [
        0.23832674324512482,
        0.23832674324512482
    ],
    "chain_pair_iptm": [
        [
            0.0,
            0.23832674324512482
        ],
        [
            0.23832674324512482,
            0.0
        ]
    ],
    "chain_pair_iptm_global": [
        [
            0.0,
            0.23832674324512482
        ],
        [
            0.23832674324512482,
            0.0
        ]
    ],
    "chain_plddt": [
        0.45703125,
        0.734375
    ],
    "chain_pair_plddt": [
        [
            0.0,
            0.6171875
        ],
        [
            0.6171875,
            0.0
        ]
    ],
    "has_clash": false,
    "disorder": 0.0,
    "ranking_score": 0.24492323398590088,
    "num_recycles": 8
}