{
    "plddt": 62.0,
    "gpde": 3.2107625007629395,
    "ptm": 0.27064788341522217,
    "iptm": 0.18138465285301208,
    "chain_ptm": [
        0.29195311665534973,
        0.22376491129398346
    ],
    "chain_iptm": [
        0.18138465285301208,
        0.18138465285301208
    ],
    "chain_pair_iptm": [
        [
            0.0,
            0.18138465285301208
        ],
        [
            0.18138465285301208,
            0.0
        ]
    ],
    "chain_pair_iptm_global": [
        [
            0.0,
            0.18138465285301208
        ],
        [
            0.18138465285301208,
            0.0
        ]
    ],
    "chain_plddt": [
        0.466796875,
        0.734375
    ],
    "chain_pair_plddt": [
        [
            0.0,
            0.62109375
        ],
        [
            0.62109375,
            0.0
        ]
    ],
    "has_clash": false,
    "disorder": 0.0,
    "ranking_score": 0.19923731684684753,
    "num_recycles": 8
}