{
    "plddt": 62.5,
    "gpde": 3.1622941493988037,
    "ptm": 0.2701103687286377,
    "iptm": 0.21479514241218567,
    "chain_ptm": [
        0.2746322751045227,
        0.22177407145500183
    ],
    "chain_iptm": [
        0.21479514241218567,
        0.21479514241218567
    ],
    "chain_pair_iptm": [
        [
            0.0,
            0.21479514241218567
        ],
        [
            0.21479514241218567,
            0.0
        ]
    ],
    "chain_pair_iptm_global": [
        [
            0.0,
            0.21479514241218567
        ],
        [
            0.21479514241218567,
            0.0
        ]
    ],
    "chain_plddt": [
        0.4765625,
        0.734375
    ],
    "chain_pair_plddt": [
        [
            0.0,
            0.625
        ],
        [
            0.625,
            0.0
        ]
    ],
    "has_clash": false,
    "disorder": 0.0,
    "ranking_score": 0.2258581966161728,
    "num_recycles": 8
}