{
    "plddt": 59.0,
    "gpde": 2.5060505867004395,
    "ptm": 0.23584617674350739,
    "iptm": 0.15752515196800232,
    "chain_ptm": [
        0.3031476140022278,
        0.17545193433761597
    ],
    "chain_iptm": [
        0.15752515196800232,
        0.15752515196800232
    ],
    "chain_pair_iptm": [
        [
            0.0,
            0.15752515196800232
        ],
        [
            0.15752515196800232,
            0.0
        ]
    ],
    "chain_pair_iptm_global": [
        [
            0.0,
            0.15752515196800232
        ],
        [
            0.15752515196800232,
            0.0
        ]
    ],
    "chain_plddt": [
        0.478515625,
        0.625
    ],
    "chain_pair_plddt": [
        [
            0.0,
            0.58984375
        ],
        [
            0.58984375,
            0.0
        ]
    ],
    "has_clash": false,
    "disorder": 0.0,
    "ranking_score": 0.17318935692310333,
    "num_recycles": 8
}