{
    "plddt": 59.5,
    "gpde": 2.5523886680603027,
    "ptm": 0.21388335525989532,
    "iptm": 0.17130786180496216,
    "chain_ptm": [
        0.24727144837379456,
        0.1634320467710495
    ],
    "chain_iptm": [
        0.17130786180496216,
        0.17130786180496216
    ],
    "chain_pair_iptm": [
        [
            0.0,
            0.17130786180496216
        ],
        [
            0.17130786180496216,
            0.0
        ]
    ],
    "chain_pair_iptm_global": [
        [
            0.0,
            0.17130786180496216
        ],
        [
            0.17130786180496216,
            0.0
        ]
    ],
    "chain_plddt": [
        0.48046875,
        0.62890625
    ],
    "chain_pair_plddt": [
        [
            0.0,
            0.59375
        ],
        [
            0.59375,
            0.0
        ]
    ],
    "has_clash": false,
    "disorder": 0.0,
    "ranking_score": 0.17982296645641327,
    "num_recycles": 8
}