{
    "plddt": 58.5,
    "gpde": 2.49627947807312,
    "ptm": 0.21830280125141144,
    "iptm": 0.15744487941265106,
    "chain_ptm": [
        0.25022390484809875,
        0.1615799516439438
    ],
    "chain_iptm": [
        0.15744487941265106,
        0.15744487941265106
    ],
    "chain_pair_iptm": [
        [
            0.0,
            0.15744487941265106
        ],
        [
            0.15744487941265106,
            0.0
        ]
    ],
    "chain_pair_iptm_global": [
        [
            0.0,
            0.15744487941265106
        ],
        [
            0.15744487941265106,
            0.0
        ]
    ],
    "chain_plddt": [
        0.474609375,
        0.62109375
    ],
    "chain_pair_plddt": [
        [
            0.0,
            0.5859375
        ],
        [
            0.5859375,
            0.0
        ]
    ],
    "has_clash": false,
    "disorder": 0.0,
    "ranking_score": 0.1696164757013321,
    "num_recycles": 8
}