{
    "plddt": 59.5,
    "gpde": 2.593184471130371,
    "ptm": 0.2131965160369873,
    "iptm": 0.16076572239398956,
    "chain_ptm": [
        0.24526312947273254,
        0.15980875492095947
    ],
    "chain_iptm": [
        0.16076572239398956,
        0.16076572239398956
    ],
    "chain_pair_iptm": [
        [
            0.0,
            0.16076572239398956
        ],
        [
            0.16076572239398956,
            0.0
        ]
    ],
    "chain_pair_iptm_global": [
        [
            0.0,
            0.16076572239398956
        ],
        [
            0.16076572239398956,
            0.0
        ]
    ],
    "chain_plddt": [
        0.484375,
        0.625
    ],
    "chain_pair_plddt": [
        [
            0.0,
            0.59375
        ],
        [
            0.59375,
            0.0
        ]
    ],
    "has_clash": false,
    "disorder": 0.0,
    "ranking_score": 0.17125187814235687,
    "num_recycles": 8
}