{
    "plddt": 59.0,
    "gpde": 2.4912259578704834,
    "ptm": 0.22430680692195892,
    "iptm": 0.16072112321853638,
    "chain_ptm": [
        0.25823765993118286,
        0.17751362919807434
    ],
    "chain_iptm": [
        0.16072112321853638,
        0.16072112321853638
    ],
    "chain_pair_iptm": [
        [
            0.0,
            0.16072112321853638
        ],
        [
            0.16072112321853638,
            0.0
        ]
    ],
    "chain_pair_iptm_global": [
        [
            0.0,
            0.16072112321853638
        ],
        [
            0.16072112321853638,
            0.0
        ]
    ],
    "chain_plddt": [
        0.47265625,
        0.625
    ],
    "chain_pair_plddt": [
        [
            0.0,
            0.58984375
        ],
        [
            0.58984375,
            0.0
        ]
    ],
    "has_clash": false,
    "disorder": 0.0,
    "ranking_score": 0.17343826591968536,
    "num_recycles": 8
}