{
    "plddt": 63.0,
    "gpde": 2.1406524181365967,
    "ptm": 0.3625519275665283,
    "iptm": 0.3807692229747772,
    "chain_ptm": [
        0.48801830410957336,
        0.19647522270679474
    ],
    "chain_iptm": [
        0.3807692229747772,
        0.3807692229747772
    ],
    "chain_pair_iptm": [
        [
            0.0,
            0.3807692229747772
        ],
        [
            0.3807692229747772,
            0.0
        ]
    ],
    "chain_pair_iptm_global": [
        [
            0.0,
            0.3807692229747772
        ],
        [
            0.3807692229747772,
            0.0
        ]
    ],
    "chain_plddt": [
        0.55859375,
        0.65625
    ],
    "chain_pair_plddt": [
        [
            0.0,
            0.62890625
        ],
        [
            0.62890625,
            0.0
        ]
    ],
    "has_clash": false,
    "disorder": 0.0,
    "ranking_score": 0.3771257698535919,
    "num_recycles": 8
}