{
    "plddt": 63.25,
    "gpde": 2.23453950881958,
    "ptm": 0.34033676981925964,
    "iptm": 0.29709675908088684,
    "chain_ptm": [
        0.4497647285461426,
        0.18613286316394806
    ],
    "chain_iptm": [
        0.29709675908088684,
        0.29709675908088684
    ],
    "chain_pair_iptm": [
        [
            0.0,
            0.29709675908088684
        ],
        [
            0.29709675908088684,
            0.0
        ]
    ],
    "chain_pair_iptm_global": [
        [
            0.0,
            0.29709675908088684
        ],
        [
            0.29709675908088684,
            0.0
        ]
    ],
    "chain_plddt": [
        0.55078125,
        0.6640625
    ],
    "chain_pair_plddt": [
        [
            0.0,
            0.6328125
        ],
        [
            0.6328125,
            0.0
        ]
    ],
    "has_clash": false,
    "disorder": 0.0,
    "ranking_score": 0.3057447671890259,
    "num_recycles": 8
}