{
    "plddt": 62.0,
    "gpde": 2.205073118209839,
    "ptm": 0.34587961435317993,
    "iptm": 0.3120323121547699,
    "chain_ptm": [
        0.4820176362991333,
        0.16597339510917664
    ],
    "chain_iptm": [
        0.3120323121547699,
        0.3120323121547699
    ],
    "chain_pair_iptm": [
        [
            0.0,
            0.3120323121547699
        ],
        [
            0.3120323121547699,
            0.0
        ]
    ],
    "chain_pair_iptm_global": [
        [
            0.0,
            0.3120323121547699
        ],
        [
            0.3120323121547699,
            0.0
        ]
    ],
    "chain_plddt": [
        0.5625,
        0.64453125
    ],
    "chain_pair_plddt": [
        [
            0.0,
            0.62109375
        ],
        [
            0.62109375,
            0.0
        ]
    ],
    "has_clash": false,
    "disorder": 0.0,
    "ranking_score": 0.31880176067352295,
    "num_recycles": 8
}