{
    "plddt": 62.5,
    "gpde": 2.189483404159546,
    "ptm": 0.3386675715446472,
    "iptm": 0.23606117069721222,
    "chain_ptm": [
        0.4662018120288849,
        0.1673155426979065
    ],
    "chain_iptm": [
        0.23606117069721222,
        0.23606117069721222
    ],
    "chain_pair_iptm": [
        [
            0.0,
            0.23606117069721222
        ],
        [
            0.23606117069721222,
            0.0
        ]
    ],
    "chain_pair_iptm_global": [
        [
            0.0,
            0.23606117069721222
        ],
        [
            0.23606117069721222,
            0.0
        ]
    ],
    "chain_plddt": [
        0.56640625,
        0.6484375
    ],
    "chain_pair_plddt": [
        [
            0.0,
            0.625
        ],
        [
            0.625,
            0.0
        ]
    ],
    "has_clash": false,
    "disorder": 0.0,
    "ranking_score": 0.25658246874809265,
    "num_recycles": 8
}