{
    "plddt": 63.25,
    "gpde": 2.117171049118042,
    "ptm": 0.33129215240478516,
    "iptm": 0.33767616748809814,
    "chain_ptm": [
        0.4281564950942993,
        0.1953851878643036
    ],
    "chain_iptm": [
        0.33767616748809814,
        0.33767616748809814
    ],
    "chain_pair_iptm": [
        [
            0.0,
            0.33767616748809814
        ],
        [
            0.33767616748809814,
            0.0
        ]
    ],
    "chain_pair_iptm_global": [
        [
            0.0,
            0.33767616748809814
        ],
        [
            0.33767616748809814,
            0.0
        ]
    ],
    "chain_plddt": [
        0.55859375,
        0.66015625
    ],
    "chain_pair_plddt": [
        [
            0.0,
            0.6328125
        ],
        [
            0.6328125,
            0.0
        ]
    ],
    "has_clash": false,
    "disorder": 0.0,
    "ranking_score": 0.3363993763923645,
    "num_recycles": 8
}