{
    "plddt": 72.5,
    "gpde": 2.1130785942077637,
    "ptm": 0.5269419550895691,
    "iptm": 0.4737931489944458,
    "chain_ptm": [
        0.527024507522583,
        0.36152923107147217
    ],
    "chain_iptm": [
        0.4737931489944458,
        0.4737931489944458
    ],
    "chain_pair_iptm": [
        [
            0.0,
            0.4737931489944458
        ],
        [
            0.4737931489944458,
            0.0
        ]
    ],
    "chain_pair_iptm_global": [
        [
            0.0,
            0.4737931489944458
        ],
        [
            0.4737931489944458,
            0.0
        ]
    ],
    "chain_plddt": [
        0.62890625,
        0.78515625
    ],
    "chain_pair_plddt": [
        [
            0.0,
            0.72265625
        ],
        [
            0.72265625,
            0.0
        ]
    ],
    "has_clash": false,
    "disorder": 0.0,
    "ranking_score": 0.4844229221343994,
    "num_recycles": 8
}