{
    "plddt": 72.0,
    "gpde": 2.153752565383911,
    "ptm": 0.47101280093193054,
    "iptm": 0.44113925099372864,
    "chain_ptm": [
        0.5410571694374084,
        0.22155892848968506
    ],
    "chain_iptm": [
        0.44113925099372864,
        0.44113925099372864
    ],
    "chain_pair_iptm": [
        [
            0.0,
            0.44113925099372864
        ],
        [
            0.44113925099372864,
            0.0
        ]
    ],
    "chain_pair_iptm_global": [
        [
            0.0,
            0.44113925099372864
        ],
        [
            0.44113925099372864,
            0.0
        ]
    ],
    "chain_plddt": [
        0.63671875,
        0.77734375
    ],
    "chain_pair_plddt": [
        [
            0.0,
            0.71875
        ],
        [
            0.71875,
            0.0
        ]
    ],
    "has_clash": false,
    "disorder": 0.0,
    "ranking_score": 0.4471139907836914,
    "num_recycles": 8
}