{
    "plddt": 72.5,
    "gpde": 2.301229476928711,
    "ptm": 0.4487450420856476,
    "iptm": 0.4146381616592407,
    "chain_ptm": [
        0.5086064338684082,
        0.2989427447319031
    ],
    "chain_iptm": [
        0.4146381616592407,
        0.4146381616592407
    ],
    "chain_pair_iptm": [
        [
            0.0,
            0.4146381616592407
        ],
        [
            0.4146381616592407,
            0.0
        ]
    ],
    "chain_pair_iptm_global": [
        [
            0.0,
            0.4146381616592407
        ],
        [
            0.4146381616592407,
            0.0
        ]
    ],
    "chain_plddt": [
        0.63671875,
        0.78515625
    ],
    "chain_pair_plddt": [
        [
            0.0,
            0.7265625
        ],
        [
            0.7265625,
            0.0
        ]
    ],
    "has_clash": false,
    "disorder": 0.0,
    "ranking_score": 0.4214595556259155,
    "num_recycles": 8
}