{
    "plddt": 73.5,
    "gpde": 2.0225651264190674,
    "ptm": 0.4967935383319855,
    "iptm": 0.4404163658618927,
    "chain_ptm": [
        0.5480211973190308,
        0.31384792923927307
    ],
    "chain_iptm": [
        0.4404163658618927,
        0.4404163658618927
    ],
    "chain_pair_iptm": [
        [
            0.0,
            0.4404163658618927
        ],
        [
            0.4404163658618927,
            0.0
        ]
    ],
    "chain_pair_iptm_global": [
        [
            0.0,
            0.4404163658618927
        ],
        [
            0.4404163658618927,
            0.0
        ]
    ],
    "chain_plddt": [
        0.64453125,
        0.79296875
    ],
    "chain_pair_plddt": [
        [
            0.0,
            0.734375
        ],
        [
            0.734375,
            0.0
        ]
    ],
    "has_clash": false,
    "disorder": 0.0,
    "ranking_score": 0.45169180631637573,
    "num_recycles": 8
}