{
    "plddt": 73.0,
    "gpde": 1.9889260530471802,
    "ptm": 0.5111172795295715,
    "iptm": 0.4869338870048523,
    "chain_ptm": [
        0.5660756230354309,
        0.27980899810791016
    ],
    "chain_iptm": [
        0.4869338870048523,
        0.4869338870048523
    ],
    "chain_pair_iptm": [
        [
            0.0,
            0.4869338870048523
        ],
        [
            0.4869338870048523,
            0.0
        ]
    ],
    "chain_pair_iptm_global": [
        [
            0.0,
            0.4869338870048523
        ],
        [
            0.4869338870048523,
            0.0
        ]
    ],
    "chain_plddt": [
        0.65234375,
        0.78125
    ],
    "chain_pair_plddt": [
        [
            0.0,
            0.73046875
        ],
        [
            0.73046875,
            0.0
        ]
    ],
    "has_clash": false,
    "disorder": 0.0,
    "ranking_score": 0.49177056550979614,
    "num_recycles": 8
}