{
    "plddt": 63.75,
    "gpde": 2.5703723430633545,
    "ptm": 0.2791336476802826,
    "iptm": 0.251792311668396,
    "chain_ptm": [
        0.42835626006126404,
        0.1695747673511505
    ],
    "chain_iptm": [
        0.251792311668396,
        0.251792311668396
    ],
    "chain_pair_iptm": [
        [
            0.0,
            0.251792311668396
        ],
        [
            0.251792311668396,
            0.0
        ]
    ],
    "chain_pair_iptm_global": [
        [
            0.0,
            0.251792311668396
        ],
        [
            0.251792311668396,
            0.0
        ]
    ],
    "chain_plddt": [
        0.5078125,
        0.671875
    ],
    "chain_pair_plddt": [
        [
            0.0,
            0.63671875
        ],
        [
            0.63671875,
            0.0
        ]
    ],
    "has_clash": false,
    "disorder": 0.0,
    "ranking_score": 0.25726059079170227,
    "num_recycles": 12
}