{
    "plddt": 63.25,
    "gpde": 2.6961002349853516,
    "ptm": 0.27695995569229126,
    "iptm": 0.22787468135356903,
    "chain_ptm": [
        0.3802725374698639,
        0.19583760201931
    ],
    "chain_iptm": [
        0.22787468135356903,
        0.22787468135356903
    ],
    "chain_pair_iptm": [
        [
            0.0,
            0.22787468135356903
        ],
        [
            0.22787468135356903,
            0.0
        ]
    ],
    "chain_pair_iptm_global": [
        [
            0.0,
            0.22787468135356903
        ],
        [
            0.22787468135356903,
            0.0
        ]
    ],
    "chain_plddt": [
        0.5,
        0.671875
    ],
    "chain_pair_plddt": [
        [
            0.0,
            0.6328125
        ],
        [
            0.6328125,
            0.0
        ]
    ],
    "has_clash": false,
    "disorder": 0.0,
    "ranking_score": 0.2376917451620102,
    "num_recycles": 12
}