{
    "plddt": 63.25,
    "gpde": 2.694183349609375,
    "ptm": 0.2579440176486969,
    "iptm": 0.16152186691761017,
    "chain_ptm": [
        0.3881337642669678,
        0.15865558385849
    ],
    "chain_iptm": [
        0.16152186691761017,
        0.16152186691761017
    ],
    "chain_pair_iptm": [
        [
            0.0,
            0.16152186691761017
        ],
        [
            0.16152186691761017,
            0.0
        ]
    ],
    "chain_pair_iptm_global": [
        [
            0.0,
            0.16152186691761017
        ],
        [
            0.16152186691761017,
            0.0
        ]
    ],
    "chain_plddt": [
        0.49609375,
        0.671875
    ],
    "chain_pair_plddt": [
        [
            0.0,
            0.6328125
        ],
        [
            0.6328125,
            0.0
        ]
    ],
    "has_clash": false,
    "disorder": 0.0,
    "ranking_score": 0.18080629408359528,
    "num_recycles": 12
}