{
    "plddt": 63.0,
    "gpde": 2.6654598712921143,
    "ptm": 0.2568433880805969,
    "iptm": 0.14370273053646088,
    "chain_ptm": [
        0.3822724223136902,
        0.16956742107868195
    ],
    "chain_iptm": [
        0.14370273053646088,
        0.14370273053646088
    ],
    "chain_pair_iptm": [
        [
            0.0,
            0.14370273053646088
        ],
        [
            0.14370273053646088,
            0.0
        ]
    ],
    "chain_pair_iptm_global": [
        [
            0.0,
            0.14370273053646088
        ],
        [
            0.14370273053646088,
            0.0
        ]
    ],
    "chain_plddt": [
        0.494140625,
        0.66796875
    ],
    "chain_pair_plddt": [
        [
            0.0,
            0.62890625
        ],
        [
            0.62890625,
            0.0
        ]
    ],
    "has_clash": false,
    "disorder": 0.0,
    "ranking_score": 0.16633085906505585,
    "num_recycles": 12
}