{
    "plddt": 67.0,
    "gpde": 2.173581838607788,
    "ptm": 0.3396587669849396,
    "iptm": 0.38214111328125,
    "chain_ptm": [
        0.4391452372074127,
        0.19747664034366608
    ],
    "chain_iptm": [
        0.38214111328125,
        0.38214111328125
    ],
    "chain_pair_iptm": [
        [
            0.0,
            0.38214111328125
        ],
        [
            0.38214111328125,
            0.0
        ]
    ],
    "chain_pair_iptm_global": [
        [
            0.0,
            0.38214111328125
        ],
        [
            0.38214111328125,
            0.0
        ]
    ],
    "chain_plddt": [
        0.59375,
        0.69140625
    ],
    "chain_pair_plddt": [
        [
            0.0,
            0.66796875
        ],
        [
            0.66796875,
            0.0
        ]
    ],
    "has_clash": false,
    "disorder": 0.0,
    "ranking_score": 0.3736446499824524,
    "num_recycles": 8
}