{
    "plddt": 65.5,
    "gpde": 2.16489315032959,
    "ptm": 0.3094780147075653,
    "iptm": 0.28797900676727295,
    "chain_ptm": [
        0.4568125903606415,
        0.16957975924015045
    ],
    "chain_iptm": [
        0.28797900676727295,
        0.28797900676727295
    ],
    "chain_pair_iptm": [
        [
            0.0,
            0.28797900676727295
        ],
        [
            0.28797900676727295,
            0.0
        ]
    ],
    "chain_pair_iptm_global": [
        [
            0.0,
            0.28797900676727295
        ],
        [
            0.28797900676727295,
            0.0
        ]
    ],
    "chain_plddt": [
        0.59375,
        0.67578125
    ],
    "chain_pair_plddt": [
        [
            0.0,
            0.65625
        ],
        [
            0.65625,
            0.0
        ]
    ],
    "has_clash": false,
    "disorder": 0.0,
    "ranking_score": 0.29227879643440247,
    "num_recycles": 8
}