{
    "plddt": 65.5,
    "gpde": 2.1732776165008545,
    "ptm": 0.30826714634895325,
    "iptm": 0.2741653323173523,
    "chain_ptm": [
        0.43227419257164,
        0.17153897881507874
    ],
    "chain_iptm": [
        0.2741653323173523,
        0.2741653323173523
    ],
    "chain_pair_iptm": [
        [
            0.0,
            0.2741653323173523
        ],
        [
            0.2741653323173523,
            0.0
        ]
    ],
    "chain_pair_iptm_global": [
        [
            0.0,
            0.2741653323173523
        ],
        [
            0.2741653323173523,
            0.0
        ]
    ],
    "chain_plddt": [
        0.57421875,
        0.6796875
    ],
    "chain_pair_plddt": [
        [
            0.0,
            0.65625
        ],
        [
            0.65625,
            0.0
        ]
    ],
    "has_clash": false,
    "disorder": 0.0,
    "ranking_score": 0.28098568320274353,
    "num_recycles": 8
}