{
    "plddt": 65.5,
    "gpde": 2.146257162094116,
    "ptm": 0.3249960243701935,
    "iptm": 0.35724011063575745,
    "chain_ptm": [
        0.4555395543575287,
        0.18634463846683502
    ],
    "chain_iptm": [
        0.35724011063575745,
        0.35724011063575745
    ],
    "chain_pair_iptm": [
        [
            0.0,
            0.35724011063575745
        ],
        [
            0.35724011063575745,
            0.0
        ]
    ],
    "chain_pair_iptm_global": [
        [
            0.0,
            0.35724011063575745
        ],
        [
            0.35724011063575745,
            0.0
        ]
    ],
    "chain_plddt": [
        0.57421875,
        0.68359375
    ],
    "chain_pair_plddt": [
        [
            0.0,
            0.65625
        ],
        [
            0.65625,
            0.0
        ]
    ],
    "has_clash": false,
    "disorder": 0.0,
    "ranking_score": 0.3507912755012512,
    "num_recycles": 8
}