{
    "plddt": 66.0,
    "gpde": 2.1465158462524414,
    "ptm": 0.3182547986507416,
    "iptm": 0.31826335191726685,
    "chain_ptm": [
        0.42851585149765015,
        0.17907734215259552
    ],
    "chain_iptm": [
        0.31826335191726685,
        0.31826335191726685
    ],
    "chain_pair_iptm": [
        [
            0.0,
            0.31826335191726685
        ],
        [
            0.31826335191726685,
            0.0
        ]
    ],
    "chain_pair_iptm_global": [
        [
            0.0,
            0.31826335191726685
        ],
        [
            0.31826335191726685,
            0.0
        ]
    ],
    "chain_plddt": [
        0.578125,
        0.68359375
    ],
    "chain_pair_plddt": [
        [
            0.0,
            0.66015625
        ],
        [
            0.66015625,
            0.0
        ]
    ],
    "has_clash": false,
    "disorder": 0.0,
    "ranking_score": 0.31826165318489075,
    "num_recycles": 8
}