{
    "plddt": 63.25,
    "gpde": 2.3661625385284424,
    "ptm": 0.23046813905239105,
    "iptm": 0.16678635776042938,
    "chain_ptm": [
        0.35419100522994995,
        0.17514671385288239
    ],
    "chain_iptm": [
        0.16678635776042938,
        0.16678635776042938
    ],
    "chain_pair_iptm": [
        [
            0.0,
            0.16678635776042938
        ],
        [
            0.16678635776042938,
            0.0
        ]
    ],
    "chain_pair_iptm_global": [
        [
            0.0,
            0.16678635776042938
        ],
        [
            0.16678635776042938,
            0.0
        ]
    ],
    "chain_plddt": [
        0.5078125,
        0.66015625
    ],
    "chain_pair_plddt": [
        [
            0.0,
            0.6328125
        ],
        [
            0.6328125,
            0.0
        ]
    ],
    "has_clash": false,
    "disorder": 0.0,
    "ranking_score": 0.17952272295951843,
    "num_recycles": 8
}