{
    "plddt": 63.25,
    "gpde": 2.37394642829895,
    "ptm": 0.2372894287109375,
    "iptm": 0.20253877341747284,
    "chain_ptm": [
        0.37749558687210083,
        0.15721343457698822
    ],
    "chain_iptm": [
        0.20253877341747284,
        0.20253877341747284
    ],
    "chain_pair_iptm": [
        [
            0.0,
            0.20253877341747284
        ],
        [
            0.20253877341747284,
            0.0
        ]
    ],
    "chain_pair_iptm_global": [
        [
            0.0,
            0.20253877341747284
        ],
        [
            0.20253877341747284,
            0.0
        ]
    ],
    "chain_plddt": [
        0.51171875,
        0.65625
    ],
    "chain_pair_plddt": [
        [
            0.0,
            0.6328125
        ],
        [
            0.6328125,
            0.0
        ]
    ],
    "has_clash": false,
    "disorder": 0.0,
    "ranking_score": 0.2094889134168625,
    "num_recycles": 8
}