{
    "plddt": 63.0,
    "gpde": 2.3980226516723633,
    "ptm": 0.23464927077293396,
    "iptm": 0.17252273857593536,
    "chain_ptm": [
        0.35055306553840637,
        0.15905968844890594
    ],
    "chain_iptm": [
        0.17252273857593536,
        0.17252273857593536
    ],
    "chain_pair_iptm": [
        [
            0.0,
            0.17252273857593536
        ],
        [
            0.17252273857593536,
            0.0
        ]
    ],
    "chain_pair_iptm_global": [
        [
            0.0,
            0.17252273857593536
        ],
        [
            0.17252273857593536,
            0.0
        ]
    ],
    "chain_plddt": [
        0.498046875,
        0.65234375
    ],
    "chain_pair_plddt": [
        [
            0.0,
            0.62890625
        ],
        [
            0.62890625,
            0.0
        ]
    ],
    "has_clash": false,
    "disorder": 0.0,
    "ranking_score": 0.18494804203510284,
    "num_recycles": 8
}