{
    "plddt": 62.5,
    "gpde": 2.3604934215545654,
    "ptm": 0.2408391684293747,
    "iptm": 0.15266449749469757,
    "chain_ptm": [
        0.3805764317512512,
        0.17475879192352295
    ],
    "chain_iptm": [
        0.15266449749469757,
        0.15266449749469757
    ],
    "chain_pair_iptm": [
        [
            0.0,
            0.15266449749469757
        ],
        [
            0.15266449749469757,
            0.0
        ]
    ],
    "chain_pair_iptm_global": [
        [
            0.0,
            0.15266449749469757
        ],
        [
            0.15266449749469757,
            0.0
        ]
    ],
    "chain_plddt": [
        0.5,
        0.6484375
    ],
    "chain_pair_plddt": [
        [
            0.0,
            0.625
        ],
        [
            0.625,
            0.0
        ]
    ],
    "has_clash": false,
    "disorder": 0.0,
    "ranking_score": 0.1702994406223297,
    "num_recycles": 8
}