{
    "plddt": 63.0,
    "gpde": 2.3666269779205322,
    "ptm": 0.2468060404062271,
    "iptm": 0.23683607578277588,
    "chain_ptm": [
        0.34955593943595886,
        0.1680450439453125
    ],
    "chain_iptm": [
        0.23683607578277588,
        0.23683607578277588
    ],
    "chain_pair_iptm": [
        [
            0.0,
            0.23683607578277588
        ],
        [
            0.23683607578277588,
            0.0
        ]
    ],
    "chain_pair_iptm_global": [
        [
            0.0,
            0.23683607578277588
        ],
        [
            0.23683607578277588,
            0.0
        ]
    ],
    "chain_plddt": [
        0.5078125,
        0.65625
    ],
    "chain_pair_plddt": [
        [
            0.0,
            0.62890625
        ],
        [
            0.62890625,
            0.0
        ]
    ],
    "has_clash": false,
    "disorder": 0.0,
    "ranking_score": 0.2388300746679306,
    "num_recycles": 8
}