{
    "plddt": 71.5,
    "gpde": 2.2004988193511963,
    "ptm": 0.49242496490478516,
    "iptm": 0.49531030654907227,
    "chain_ptm": [
        0.5590968728065491,
        0.2571486234664917
    ],
    "chain_iptm": [
        0.49531030654907227,
        0.49531030654907227
    ],
    "chain_pair_iptm": [
        [
            0.0,
            0.49531030654907227
        ],
        [
            0.49531030654907227,
            0.0
        ]
    ],
    "chain_pair_iptm_global": [
        [
            0.0,
            0.49531030654907227
        ],
        [
            0.49531030654907227,
            0.0
        ]
    ],
    "chain_plddt": [
        0.6484375,
        0.7578125
    ],
    "chain_pair_plddt": [
        [
            0.0,
            0.71484375
        ],
        [
            0.71484375,
            0.0
        ]
    ],
    "has_clash": false,
    "disorder": 0.0,
    "ranking_score": 0.4947332441806793,
    "num_recycles": 12
}