{
    "plddt": 59.5,
    "gpde": 2.5948593616485596,
    "ptm": 0.20747052133083344,
    "iptm": 0.13778090476989746,
    "chain_ptm": [
        0.2437000423669815,
        0.1546928584575653
    ],
    "chain_iptm": [
        0.13778090476989746,
        0.13778090476989746
    ],
    "chain_pair_iptm": [
        [
            0.0,
            0.13778090476989746
        ],
        [
            0.13778090476989746,
            0.0
        ]
    ],
    "chain_pair_iptm_global": [
        [
            0.0,
            0.13778090476989746
        ],
        [
            0.13778090476989746,
            0.0
        ]
    ],
    "chain_plddt": [
        0.482421875,
        0.62890625
    ],
    "chain_pair_plddt": [
        [
            0.0,
            0.59375
        ],
        [
            0.59375,
            0.0
        ]
    ],
    "has_clash": false,
    "disorder": 0.0,
    "ranking_score": 0.15171882510185242,
    "num_recycles": 12
}