{
    "plddt": 59.5,
    "gpde": 2.588965654373169,
    "ptm": 0.20841652154922485,
    "iptm": 0.1317630112171173,
    "chain_ptm": [
        0.24893085658550262,
        0.16059386730194092
    ],
    "chain_iptm": [
        0.1317630112171173,
        0.1317630112171173
    ],
    "chain_pair_iptm": [
        [
            0.0,
            0.1317630112171173
        ],
        [
            0.1317630112171173,
            0.0
        ]
    ],
    "chain_pair_iptm_global": [
        [
            0.0,
            0.1317630112171173
        ],
        [
            0.1317630112171173,
            0.0
        ]
    ],
    "chain_plddt": [
        0.474609375,
        0.62890625
    ],
    "chain_pair_plddt": [
        [
            0.0,
            0.59375
        ],
        [
            0.59375,
            0.0
        ]
    ],
    "has_clash": false,
    "disorder": 0.0,
    "ranking_score": 0.14709371328353882,
    "num_recycles": 12
}