{
    "plddt": 59.5,
    "gpde": 2.652590751647949,
    "ptm": 0.2162359058856964,
    "iptm": 0.15112483501434326,
    "chain_ptm": [
        0.24679993093013763,
        0.1759745478630066
    ],
    "chain_iptm": [
        0.15112483501434326,
        0.15112483501434326
    ],
    "chain_pair_iptm": [
        [
            0.0,
            0.15112483501434326
        ],
        [
            0.15112483501434326,
            0.0
        ]
    ],
    "chain_pair_iptm_global": [
        [
            0.0,
            0.15112483501434326
        ],
        [
            0.15112483501434326,
            0.0
        ]
    ],
    "chain_plddt": [
        0.486328125,
        0.625
    ],
    "chain_pair_plddt": [
        [
            0.0,
            0.59375
        ],
        [
            0.59375,
            0.0
        ]
    ],
    "has_clash": false,
    "disorder": 0.0,
    "ranking_score": 0.1641470491886139,
    "num_recycles": 12
}