{
    "plddt": 58.5,
    "gpde": 3.3451249599456787,
    "ptm": 0.2634330093860626,
    "iptm": 0.2085304707288742,
    "chain_ptm": [
        0.2653460204601288,
        0.19409649074077606
    ],
    "chain_iptm": [
        0.2085304707288742,
        0.2085304707288742
    ],
    "chain_pair_iptm": [
        [
            0.0,
            0.2085304707288742
        ],
        [
            0.2085304707288742,
            0.0
        ]
    ],
    "chain_pair_iptm_global": [
        [
            0.0,
            0.2085304707288742
        ],
        [
            0.2085304707288742,
            0.0
        ]
    ],
    "chain_plddt": [
        0.46875,
        0.671875
    ],
    "chain_pair_plddt": [
        [
            0.0,
            0.5859375
        ],
        [
            0.5859375,
            0.0
        ]
    ],
    "has_clash": false,
    "disorder": 0.0,
    "ranking_score": 0.2195109874010086,
    "num_recycles": 8
}