{
    "plddt": 58.5,
    "gpde": 3.4090468883514404,
    "ptm": 0.2500065863132477,
    "iptm": 0.16838181018829346,
    "chain_ptm": [
        0.2674998641014099,
        0.2460418939590454
    ],
    "chain_iptm": [
        0.16838181018829346,
        0.16838181018829346
    ],
    "chain_pair_iptm": [
        [
            0.0,
            0.16838181018829346
        ],
        [
            0.16838181018829346,
            0.0
        ]
    ],
    "chain_pair_iptm_global": [
        [
            0.0,
            0.16838181018829346
        ],
        [
            0.16838181018829346,
            0.0
        ]
    ],
    "chain_plddt": [
        0.46484375,
        0.67578125
    ],
    "chain_pair_plddt": [
        [
            0.0,
            0.5859375
        ],
        [
            0.5859375,
            0.0
        ]
    ],
    "has_clash": false,
    "disorder": 0.0,
    "ranking_score": 0.18470677733421326,
    "num_recycles": 8
}