{
    "plddt": 58.5,
    "gpde": 3.390082359313965,
    "ptm": 0.26783913373947144,
    "iptm": 0.22497595846652985,
    "chain_ptm": [
        0.26724424958229065,
        0.218976691365242
    ],
    "chain_iptm": [
        0.22497595846652985,
        0.22497595846652985
    ],
    "chain_pair_iptm": [
        [
            0.0,
            0.22497595846652985
        ],
        [
            0.22497595846652985,
            0.0
        ]
    ],
    "chain_pair_iptm_global": [
        [
            0.0,
            0.22497595846652985
        ],
        [
            0.22497595846652985,
            0.0
        ]
    ],
    "chain_plddt": [
        0.466796875,
        0.66796875
    ],
    "chain_pair_plddt": [
        [
            0.0,
            0.5859375
        ],
        [
            0.5859375,
            0.0
        ]
    ],
    "has_clash": false,
    "disorder": 0.0,
    "ranking_score": 0.2335485965013504,
    "num_recycles": 8
}