{
    "plddt": 59.5,
    "gpde": 3.3995728492736816,
    "ptm": 0.2708318531513214,
    "iptm": 0.2134523242712021,
    "chain_ptm": [
        0.2781473398208618,
        0.2500673234462738
    ],
    "chain_iptm": [
        0.2134523242712021,
        0.2134523242712021
    ],
    "chain_pair_iptm": [
        [
            0.0,
            0.2134523242712021
        ],
        [
            0.2134523242712021,
            0.0
        ]
    ],
    "chain_pair_iptm_global": [
        [
            0.0,
            0.2134523242712021
        ],
        [
            0.2134523242712021,
            0.0
        ]
    ],
    "chain_plddt": [
        0.48046875,
        0.671875
    ],
    "chain_pair_plddt": [
        [
            0.0,
            0.59375
        ],
        [
            0.59375,
            0.0
        ]
    ],
    "has_clash": false,
    "disorder": 0.0,
    "ranking_score": 0.22492824494838715,
    "num_recycles": 8
}