{
    "plddt": 59.5,
    "gpde": 3.3877012729644775,
    "ptm": 0.26594674587249756,
    "iptm": 0.19405080378055573,
    "chain_ptm": [
        0.281383216381073,
        0.2080656886100769
    ],
    "chain_iptm": [
        0.19405080378055573,
        0.19405080378055573
    ],
    "chain_pair_iptm": [
        [
            0.0,
            0.19405080378055573
        ],
        [
            0.19405080378055573,
            0.0
        ]
    ],
    "chain_pair_iptm_global": [
        [
            0.0,
            0.19405080378055573
        ],
        [
            0.19405080378055573,
            0.0
        ]
    ],
    "chain_plddt": [
        0.4765625,
        0.6796875
    ],
    "chain_pair_plddt": [
        [
            0.0,
            0.59375
        ],
        [
            0.59375,
            0.0
        ]
    ],
    "has_clash": false,
    "disorder": 0.0,
    "ranking_score": 0.2084299921989441,
    "num_recycles": 8
}