{
    "plddt": 60.5,
    "gpde": 2.92439341545105,
    "ptm": 0.24934522807598114,
    "iptm": 0.19311074912548065,
    "chain_ptm": [
        0.2580495774745941,
        0.22006508708000183
    ],
    "chain_iptm": [
        0.19311074912548065,
        0.19311074912548065
    ],
    "chain_pair_iptm": [
        [
            0.0,
            0.19311074912548065
        ],
        [
            0.19311074912548065,
            0.0
        ]
    ],
    "chain_pair_iptm_global": [
        [
            0.0,
            0.19311074912548065
        ],
        [
            0.19311074912548065,
            0.0
        ]
    ],
    "chain_plddt": [
        0.48046875,
        0.66796875
    ],
    "chain_pair_plddt": [
        [
            0.0,
            0.60546875
        ],
        [
            0.60546875,
            0.0
        ]
    ],
    "has_clash": false,
    "disorder": 0.0,
    "ranking_score": 0.20435765385627747,
    "num_recycles": 8
}