{
    "plddt": 61.25,
    "gpde": 2.88407826423645,
    "ptm": 0.2610575556755066,
    "iptm": 0.19399362802505493,
    "chain_ptm": [
        0.2872220277786255,
        0.23548905551433563
    ],
    "chain_iptm": [
        0.19399362802505493,
        0.19399362802505493
    ],
    "chain_pair_iptm": [
        [
            0.0,
            0.19399362802505493
        ],
        [
            0.19399362802505493,
            0.0
        ]
    ],
    "chain_pair_iptm_global": [
        [
            0.0,
            0.19399362802505493
        ],
        [
            0.19399362802505493,
            0.0
        ]
    ],
    "chain_plddt": [
        0.470703125,
        0.68359375
    ],
    "chain_pair_plddt": [
        [
            0.0,
            0.61328125
        ],
        [
            0.61328125,
            0.0
        ]
    ],
    "has_clash": false,
    "disorder": 0.0,
    "ranking_score": 0.2074064165353775,
    "num_recycles": 8
}