{
    "plddt": 61.25,
    "gpde": 2.992469072341919,
    "ptm": 0.24069716036319733,
    "iptm": 0.1809176206588745,
    "chain_ptm": [
        0.25244390964508057,
        0.18619805574417114
    ],
    "chain_iptm": [
        0.1809176206588745,
        0.1809176206588745
    ],
    "chain_pair_iptm": [
        [
            0.0,
            0.1809176206588745
        ],
        [
            0.1809176206588745,
            0.0
        ]
    ],
    "chain_pair_iptm_global": [
        [
            0.0,
            0.1809176206588745
        ],
        [
            0.1809176206588745,
            0.0
        ]
    ],
    "chain_plddt": [
        0.484375,
        0.67578125
    ],
    "chain_pair_plddt": [
        [
            0.0,
            0.61328125
        ],
        [
            0.61328125,
            0.0
        ]
    ],
    "has_clash": false,
    "disorder": 0.0,
    "ranking_score": 0.1928735375404358,
    "num_recycles": 8
}