{
    "plddt": 61.25,
    "gpde": 2.985574960708618,
    "ptm": 0.2398761361837387,
    "iptm": 0.18567779660224915,
    "chain_ptm": [
        0.2472480982542038,
        0.23218649625778198
    ],
    "chain_iptm": [
        0.18567779660224915,
        0.18567779660224915
    ],
    "chain_pair_iptm": [
        [
            0.0,
            0.18567779660224915
        ],
        [
            0.18567779660224915,
            0.0
        ]
    ],
    "chain_pair_iptm_global": [
        [
            0.0,
            0.18567779660224915
        ],
        [
            0.18567779660224915,
            0.0
        ]
    ],
    "chain_plddt": [
        0.478515625,
        0.6796875
    ],
    "chain_pair_plddt": [
        [
            0.0,
            0.61328125
        ],
        [
            0.61328125,
            0.0
        ]
    ],
    "has_clash": false,
    "disorder": 0.0,
    "ranking_score": 0.1965174674987793,
    "num_recycles": 8
}