{
    "plddt": 61.0,
    "gpde": 2.9587886333465576,
    "ptm": 0.23122857511043549,
    "iptm": 0.1635448932647705,
    "chain_ptm": [
        0.24904435873031616,
        0.17375139892101288
    ],
    "chain_iptm": [
        0.1635448932647705,
        0.1635448932647705
    ],
    "chain_pair_iptm": [
        [
            0.0,
            0.1635448932647705
        ],
        [
            0.1635448932647705,
            0.0
        ]
    ],
    "chain_pair_iptm_global": [
        [
            0.0,
            0.1635448932647705
        ],
        [
            0.1635448932647705,
            0.0
        ]
    ],
    "chain_plddt": [
        0.474609375,
        0.67578125
    ],
    "chain_pair_plddt": [
        [
            0.0,
            0.609375
        ],
        [
            0.609375,
            0.0
        ]
    ],
    "has_clash": false,
    "disorder": 0.0,
    "ranking_score": 0.1770816445350647,
    "num_recycles": 8
}