{
    "plddt": 58.25,
    "gpde": 3.4226489067077637,
    "ptm": 0.2704319655895233,
    "iptm": 0.22833625972270966,
    "chain_ptm": [
        0.26811695098876953,
        0.24167872965335846
    ],
    "chain_iptm": [
        0.22833625972270966,
        0.22833625972270966
    ],
    "chain_pair_iptm": [
        [
            0.0,
            0.22833625972270966
        ],
        [
            0.22833625972270966,
            0.0
        ]
    ],
    "chain_pair_iptm_global": [
        [
            0.0,
            0.22833625972270966
        ],
        [
            0.22833625972270966,
            0.0
        ]
    ],
    "chain_plddt": [
        0.46875,
        0.6640625
    ],
    "chain_pair_plddt": [
        [
            0.0,
            0.58203125
        ],
        [
            0.58203125,
            0.0
        ]
    ],
    "has_clash": false,
    "disorder": 0.0,
    "ranking_score": 0.2367554008960724,
    "num_recycles": 12
}