{
    "plddt": 59.0,
    "gpde": 3.493619203567505,
    "ptm": 0.25022682547569275,
    "iptm": 0.19382798671722412,
    "chain_ptm": [
        0.25728100538253784,
        0.23189973831176758
    ],
    "chain_iptm": [
        0.19382798671722412,
        0.19382798671722412
    ],
    "chain_pair_iptm": [
        [
            0.0,
            0.19382798671722412
        ],
        [
            0.19382798671722412,
            0.0
        ]
    ],
    "chain_pair_iptm_global": [
        [
            0.0,
            0.19382798671722412
        ],
        [
            0.19382798671722412,
            0.0
        ]
    ],
    "chain_plddt": [
        0.470703125,
        0.6796875
    ],
    "chain_pair_plddt": [
        [
            0.0,
            0.58984375
        ],
        [
            0.58984375,
            0.0
        ]
    ],
    "has_clash": false,
    "disorder": 0.0,
    "ranking_score": 0.20510776340961456,
    "num_recycles": 12
}