{
    "plddt": 72.5,
    "gpde": 2.2436888217926025,
    "ptm": 0.49878454208374023,
    "iptm": 0.4764394462108612,
    "chain_ptm": [
        0.537625789642334,
        0.29355791211128235
    ],
    "chain_iptm": [
        0.4764394462108612,
        0.4764394462108612
    ],
    "chain_pair_iptm": [
        [
            0.0,
            0.4764394462108612
        ],
        [
            0.4764394462108612,
            0.0
        ]
    ],
    "chain_pair_iptm_global": [
        [
            0.0,
            0.4764394462108612
        ],
        [
            0.4764394462108612,
            0.0
        ]
    ],
    "chain_plddt": [
        0.65625,
        0.76953125
    ],
    "chain_pair_plddt": [
        [
            0.0,
            0.72265625
        ],
        [
            0.72265625,
            0.0
        ]
    ],
    "has_clash": false,
    "disorder": 0.0,
    "ranking_score": 0.48090845346450806,
    "num_recycles": 8
}