{
    "plddt": 70.5,
    "gpde": 2.209355354309082,
    "ptm": 0.49287673830986023,
    "iptm": 0.47963035106658936,
    "chain_ptm": [
        0.5631144642829895,
        0.23724576830863953
    ],
    "chain_iptm": [
        0.47963035106658936,
        0.47963035106658936
    ],
    "chain_pair_iptm": [
        [
            0.0,
            0.47963035106658936
        ],
        [
            0.47963035106658936,
            0.0
        ]
    ],
    "chain_pair_iptm_global": [
        [
            0.0,
            0.47963035106658936
        ],
        [
            0.47963035106658936,
            0.0
        ]
    ],
    "chain_plddt": [
        0.625,
        0.75390625
    ],
    "chain_pair_plddt": [
        [
            0.0,
            0.703125
        ],
        [
            0.703125,
            0.0
        ]
    ],
    "has_clash": false,
    "disorder": 0.0,
    "ranking_score": 0.48227962851524353,
    "num_recycles": 8
}