{
    "plddt": 70.0,
    "gpde": 2.1167972087860107,
    "ptm": 0.4961059093475342,
    "iptm": 0.44041213393211365,
    "chain_ptm": [
        0.550616979598999,
        0.2579263150691986
    ],
    "chain_iptm": [
        0.44041213393211365,
        0.44041213393211365
    ],
    "chain_pair_iptm": [
        [
            0.0,
            0.44041213393211365
        ],
        [
            0.44041213393211365,
            0.0
        ]
    ],
    "chain_pair_iptm_global": [
        [
            0.0,
            0.44041213393211365
        ],
        [
            0.44041213393211365,
            0.0
        ]
    ],
    "chain_plddt": [
        0.6328125,
        0.74609375
    ],
    "chain_pair_plddt": [
        [
            0.0,
            0.69921875
        ],
        [
            0.69921875,
            0.0
        ]
    ],
    "has_clash": false,
    "disorder": 0.0,
    "ranking_score": 0.4515509009361267,
    "num_recycles": 8
}