{
    "plddt": 71.0,
    "gpde": 2.0918753147125244,
    "ptm": 0.5182932615280151,
    "iptm": 0.4713277816772461,
    "chain_ptm": [
        0.5479072332382202,
        0.3152473270893097
    ],
    "chain_iptm": [
        0.4713277816772461,
        0.4713277816772461
    ],
    "chain_pair_iptm": [
        [
            0.0,
            0.4713277816772461
        ],
        [
            0.4713277816772461,
            0.0
        ]
    ],
    "chain_pair_iptm_global": [
        [
            0.0,
            0.4713277816772461
        ],
        [
            0.4713277816772461,
            0.0
        ]
    ],
    "chain_plddt": [
        0.62109375,
        0.76953125
    ],
    "chain_pair_plddt": [
        [
            0.0,
            0.7109375
        ],
        [
            0.7109375,
            0.0
        ]
    ],
    "has_clash": false,
    "disorder": 0.0,
    "ranking_score": 0.4807208776473999,
    "num_recycles": 8
}