{
    "plddt": 70.0,
    "gpde": 2.031752109527588,
    "ptm": 0.5218177437782288,
    "iptm": 0.4852055013179779,
    "chain_ptm": [
        0.5558198094367981,
        0.331692636013031
    ],
    "chain_iptm": [
        0.4852055013179779,
        0.4852055013179779
    ],
    "chain_pair_iptm": [
        [
            0.0,
            0.4852055013179779
        ],
        [
            0.4852055013179779,
            0.0
        ]
    ],
    "chain_pair_iptm_global": [
        [
            0.0,
            0.4852055013179779
        ],
        [
            0.4852055013179779,
            0.0
        ]
    ],
    "chain_plddt": [
        0.625,
        0.75
    ],
    "chain_pair_plddt": [
        [
            0.0,
            0.69921875
        ],
        [
            0.69921875,
            0.0
        ]
    ],
    "has_clash": false,
    "disorder": 0.0,
    "ranking_score": 0.49252796173095703,
    "num_recycles": 8
}