{
    "plddt": 62.5,
    "gpde": 2.4124221801757812,
    "ptm": 0.23408731818199158,
    "iptm": 0.15494003891944885,
    "chain_ptm": [
        0.3717914819717407,
        0.14814922213554382
    ],
    "chain_iptm": [
        0.15494003891944885,
        0.15494003891944885
    ],
    "chain_pair_iptm": [
        [
            0.0,
            0.15494003891944885
        ],
        [
            0.15494003891944885,
            0.0
        ]
    ],
    "chain_pair_iptm_global": [
        [
            0.0,
            0.15494003891944885
        ],
        [
            0.15494003891944885,
            0.0
        ]
    ],
    "chain_plddt": [
        0.50390625,
        0.65234375
    ],
    "chain_pair_plddt": [
        [
            0.0,
            0.625
        ],
        [
            0.625,
            0.0
        ]
    ],
    "has_clash": false,
    "disorder": 0.0,
    "ranking_score": 0.17076949775218964,
    "num_recycles": 12
}