{
    "plddt": 62.5,
    "gpde": 2.3657686710357666,
    "ptm": 0.2298612743616104,
    "iptm": 0.1316801905632019,
    "chain_ptm": [
        0.37643155455589294,
        0.1927640587091446
    ],
    "chain_iptm": [
        0.1316801905632019,
        0.1316801905632019
    ],
    "chain_pair_iptm": [
        [
            0.0,
            0.1316801905632019
        ],
        [
            0.1316801905632019,
            0.0
        ]
    ],
    "chain_pair_iptm_global": [
        [
            0.0,
            0.1316801905632019
        ],
        [
            0.1316801905632019,
            0.0
        ]
    ],
    "chain_plddt": [
        0.51171875,
        0.6484375
    ],
    "chain_pair_plddt": [
        [
            0.0,
            0.625
        ],
        [
            0.625,
            0.0
        ]
    ],
    "has_clash": false,
    "disorder": 0.0,
    "ranking_score": 0.15131640434265137,
    "num_recycles": 12
}