{
    "plddt": 62.5,
    "gpde": 2.3743855953216553,
    "ptm": 0.2345314621925354,
    "iptm": 0.16455385088920593,
    "chain_ptm": [
        0.35556116700172424,
        0.1558680534362793
    ],
    "chain_iptm": [
        0.16455385088920593,
        0.16455385088920593
    ],
    "chain_pair_iptm": [
        [
            0.0,
            0.16455385088920593
        ],
        [
            0.16455385088920593,
            0.0
        ]
    ],
    "chain_pair_iptm_global": [
        [
            0.0,
            0.16455385088920593
        ],
        [
            0.16455385088920593,
            0.0
        ]
    ],
    "chain_plddt": [
        0.498046875,
        0.65234375
    ],
    "chain_pair_plddt": [
        [
            0.0,
            0.625
        ],
        [
            0.625,
            0.0
        ]
    ],
    "has_clash": false,
    "disorder": 0.0,
    "ranking_score": 0.1785493791103363,
    "num_recycles": 12
}