{
    "plddt": 65.0,
    "gpde": 2.451615571975708,
    "ptm": 0.24066758155822754,
    "iptm": 0.19066306948661804,
    "chain_ptm": [
        0.3684147298336029,
        0.16997969150543213
    ],
    "chain_iptm": [
        0.19066306948661804,
        0.19066306948661804
    ],
    "chain_pair_iptm": [
        [
            0.0,
            0.19066306948661804
        ],
        [
            0.19066306948661804,
            0.0
        ]
    ],
    "chain_pair_iptm_global": [
        [
            0.0,
            0.19066306948661804
        ],
        [
            0.19066306948661804,
            0.0
        ]
    ],
    "chain_plddt": [
        0.5078125,
        0.6796875
    ],
    "chain_pair_plddt": [
        [
            0.0,
            0.65234375
        ],
        [
            0.65234375,
            0.0
        ]
    ],
    "has_clash": false,
    "disorder": 0.0,
    "ranking_score": 0.2006639838218689,
    "num_recycles": 12
}