{
    "plddt": 65.0,
    "gpde": 2.5049920082092285,
    "ptm": 0.2387252151966095,
    "iptm": 0.16498085856437683,
    "chain_ptm": [
        0.357827752828598,
        0.15450018644332886
    ],
    "chain_iptm": [
        0.16498085856437683,
        0.16498085856437683
    ],
    "chain_pair_iptm": [
        [
            0.0,
            0.16498085856437683
        ],
        [
            0.16498085856437683,
            0.0
        ]
    ],
    "chain_pair_iptm_global": [
        [
            0.0,
            0.16498085856437683
        ],
        [
            0.16498085856437683,
            0.0
        ]
    ],
    "chain_plddt": [
        0.51171875,
        0.6796875
    ],
    "chain_pair_plddt": [
        [
            0.0,
            0.65234375
        ],
        [
            0.65234375,
            0.0
        ]
    ],
    "has_clash": false,
    "disorder": 0.0,
    "ranking_score": 0.17972974479198456,
    "num_recycles": 12
}