{
    "plddt": 65.0,
    "gpde": 2.451038122177124,
    "ptm": 0.24646885693073273,
    "iptm": 0.22992518544197083,
    "chain_ptm": [
        0.3605344295501709,
        0.1620820015668869
    ],
    "chain_iptm": [
        0.22992518544197083,
        0.22992518544197083
    ],
    "chain_pair_iptm": [
        [
            0.0,
            0.22992518544197083
        ],
        [
            0.22992518544197083,
            0.0
        ]
    ],
    "chain_pair_iptm_global": [
        [
            0.0,
            0.22992518544197083
        ],
        [
            0.22992518544197083,
            0.0
        ]
    ],
    "chain_plddt": [
        0.5078125,
        0.68359375
    ],
    "chain_pair_plddt": [
        [
            0.0,
            0.65234375
        ],
        [
            0.65234375,
            0.0
        ]
    ],
    "has_clash": false,
    "disorder": 0.0,
    "ranking_score": 0.23323392868041992,
    "num_recycles": 12
}