{
    "plddt": 59.0,
    "gpde": 2.6618309020996094,
    "ptm": 0.20782434940338135,
    "iptm": 0.14027319848537445,
    "chain_ptm": [
        0.2436184287071228,
        0.1641022264957428
    ],
    "chain_iptm": [
        0.14027319848537445,
        0.14027319848537445
    ],
    "chain_pair_iptm": [
        [
            0.0,
            0.14027319848537445
        ],
        [
            0.14027319848537445,
            0.0
        ]
    ],
    "chain_pair_iptm_global": [
        [
            0.0,
            0.14027319848537445
        ],
        [
            0.14027319848537445,
            0.0
        ]
    ],
    "chain_plddt": [
        0.484375,
        0.625
    ],
    "chain_pair_plddt": [
        [
            0.0,
            0.58984375
        ],
        [
            0.58984375,
            0.0
        ]
    ],
    "has_clash": false,
    "disorder": 0.0,
    "ranking_score": 0.1537834256887436,
    "num_recycles": 12
}