{
    "plddt": 59.0,
    "gpde": 2.624443531036377,
    "ptm": 0.2133627086877823,
    "iptm": 0.1466362327337265,
    "chain_ptm": [
        0.24342356622219086,
        0.1573135107755661
    ],
    "chain_iptm": [
        0.1466362327337265,
        0.1466362327337265
    ],
    "chain_pair_iptm": [
        [
            0.0,
            0.1466362327337265
        ],
        [
            0.1466362327337265,
            0.0
        ]
    ],
    "chain_pair_iptm_global": [
        [
            0.0,
            0.1466362327337265
        ],
        [
            0.1466362327337265,
            0.0
        ]
    ],
    "chain_plddt": [
        0.48046875,
        0.625
    ],
    "chain_pair_plddt": [
        [
            0.0,
            0.58984375
        ],
        [
            0.58984375,
            0.0
        ]
    ],
    "has_clash": false,
    "disorder": 0.0,
    "ranking_score": 0.15998153388500214,
    "num_recycles": 12
}